Timestamp,signal
1351998180,0.0
1351999140,0.0
1352000460,0.0
1352000520,0.0
1352000640,0.0
1352001720,0.0
1352004900,0.0
1352005320,0.0
1352005380,0.0
1352007180,0.0
1352009040,0.0
1352009520,0.0
1352009640,0.0
1352010360,0.0
1352012340,0.0
1352014380,0.0
1352016000,0.0
1352017560,0.0
1352018220,0.0
1352018580,0.0
1352019660,0.0
1352020200,0.0
1352021280,0.0
1352021640,0.0
1352022300,0.0
1352022420,0.0
1352023260,0.0
1352023320,0.0
1352024640,0.0
1352026560,0.0
1352026620,0.0
1352026920,0.0
1352027640,0.0
1352028300,0.0
1352028420,0.0
1352029920,0.0
1352030580,0.0
1352031840,0.0
1352034240,0.0
1352037840,0.0
1352039100,0.0
1352039760,0.0
1352041140,0.0
1352041200,0.0
1352041380,0.0
1352042160,0.0
1352042520,0.0
1352043000,0.0
1352044800,0.0
1352044920,0.0
1352045700,0.0
1352046060,0.0
1352046120,0.0
1352046180,0.0
1352046360,0.0
1352046420,0.0
1352046480,0.0
1352046600,0.0
1352046660,0.0
1352046780,0.0
1352046840,0.0
1352047200,0.0
1352047440,0.0
1352047680,0.0
1352048100,0.0
1352048160,0.0
1352048220,0.0
1352048280,0.0
1352048340,0.0
1352048400,0.0
1352048460,0.0
1352049300,0.0
1352050380,0.0
1352051040,0.0
1352051700,0.0
1352052540,0.0
1352053260,0.0
1352053920,0.0
1352053980,0.0
1352054040,0.0
1352054100,0.0
1352054160,0.0
1352054280,0.0
1352055420,0.0
1352056020,0.0
1352056740,0.0
1352056800,0.0
1352058540,0.0
1352061360,0.0
1352062020,0.0
1352062140,0.0
1352062800,0.0
1352062980,0.0
1352063040,0.0
1352063220,0.0
1352063460,0.0
1352064120,0.0
1352064600,0.0
1352065320,0.0
1352065620,0.0
1352067000,0.0
1352069160,0.0
1352069220,0.0
1352069280,0.0
1352070060,0.0
1352070120,0.0
1352070180,0.0
1352070240,0.0
1352070420,0.0
1352070480,0.0
1352070540,0.0
1352070660,0.0
1352070840,0.0
1352071020,0.0
1352071680,0.0
1352071860,0.0
1352071980,0.0
1352072460,0.0
1352073000,0.0
1352074020,0.0
1352074200,0.0
1352074260,0.0
1352075340,0.0
1352077020,0.0
1352077620,0.0
1352081220,0.0
1352082060,0.0
1352083800,0.0
1352083860,0.0
1352084460,0.0
1352084880,0.0
1352085900,0.0
1352086860,0.0
1352087460,0.0
1352088240,0.0
1352091060,0.0
1352094120,0.0
1352101260,0.0
1352102940,0.0
1352105580,0.0
1352106960,0.0
1352107020,0.0
1352108040,0.0
1352108400,0.0
1352110500,0.0
1352110560,0.0
1352110680,0.0
1352110800,0.0
1352110860,0.0
1352110980,0.0
1352111100,0.0
1352111160,0.0
1352111220,0.0
1352111280,0.0
1352111340,0.0
1352111400,0.0
1352111460,0.0
1352111580,0.0
1352112960,0.0
1352113020,0.0
1352114340,0.0
1352115000,0.0
1352115840,0.0
1352117160,0.0
1352117820,0.0
1352119020,0.0
1352120760,0.0
1352121000,0.0
1352123580,0.0
1352124660,0.0
1352124780,0.0
1352126700,0.0
1352126820,0.0
1352127420,0.0
1352127660,0.0
1352128320,0.0
1352128740,0.0
1352130180,0.0
1352134200,0.0
1352134860,0.0
1352135100,0.0
1352135520,0.0
1352135640,0.0
1352136180,0.0
1352136480,0.0
1352136840,0.0
1352136900,0.0
1352137140,0.0
1352137440,0.0
1352137500,0.0
1352137560,0.0
1352137680,0.0
1352137740,0.0
1352137800,0.0
1352137860,0.0
1352137920,0.0
1352137980,0.0
1352138040,0.0
1352138100,0.0
1352138160,0.0
1352138220,0.0
1352138340,0.0
1352138520,0.0
1352138580,0.0
1352138640,0.0
1352138820,0.0
1352138880,0.0
1352139060,0.0
1352139180,0.0
1352139660,0.0
1352140260,0.0
1352141580,0.0
1352141700,0.0
1352142900,0.0
1352143500,0.0
1352145480,0.0
1352145780,0.0
1352146020,0.0
1352146440,0.0
1352146500,0.0
1352146560,0.0
1352146620,0.0
1352146680,0.0
1352146740,0.0
1352146800,0.0
1352146860,0.0
1352146920,0.0
1352148060,0.0
1352148420,0.0
1352148960,0.0
1352149080,0.0
1352149500,0.0
1352149620,0.0
1352149740,0.0
1352149860,0.0
1352149920,0.0
1352150940,0.0
1352151300,0.0
1352152260,0.0
1352152440,0.0
1352152560,0.0
1352152620,0.0
1352152680,0.0
1352152740,0.0
1352152860,0.0
1352153280,0.0
1352155140,0.0
1352155260,0.0
1352155560,0.0
1352155680,0.0
1352155800,0.0
1352156280,0.0
1352156640,0.0
1352156760,0.0
1352156820,0.0
1352156940,0.0
1352157300,0.0
1352157540,0.0
1352158500,0.0
1352158860,0.0
1352160060,0.0
1352160240,0.0
1352160840,0.0
1352161500,0.0
1352162040,0.0
1352162340,0.0
1352164080,0.0
1352164320,0.0
1352164740,0.0
1352166720,0.0
1352168460,0.0
1352169120,0.0
1352169180,0.0
1352169240,0.0
1352169300,0.0
1352169360,0.0
1352169420,0.0
1352169480,0.0
1352171220,0.0
1352171400,0.0
1352171580,0.0
1352171700,0.0
1352171760,0.0
1352171880,0.0
1352174580,0.0
1352176560,0.0
1352177220,0.0
1352178660,0.0
1352179320,0.0
1352179500,0.0
1352179620,0.0
1352179860,0.0
1352182920,0.0
1352185020,0.0
1352185140,0.0
1352190360,0.0
1352190420,0.0
1352190600,0.0
1352191020,0.0
1352192400,0.0
1352192700,0.0
1352193000,0.0
1352194020,0.0
1352194440,0.0
1352195100,0.0
1352198640,0.0
1352198820,0.0
1352199480,0.0
1352201340,0.0
1352201400,0.0
1352201580,0.0
1352201640,0.0
1352202060,0.0
1352202120,0.0
1352202720,0.0
1352202780,0.0
1352202840,0.0
1352202900,0.0
1352202960,0.0
1352203020,0.0
1352204820,0.0
1352204880,0.0
1352205120,0.0
1352205240,0.0
1352205420,0.0
1352205480,0.0
1352205660,0.0
1352205720,0.0
1352206200,0.0
1352206320,0.0
1352206680,0.0
1352206980,0.0
1352207640,0.0
1352208300,0.0
1352208360,0.0
1352209260,0.0
1352209380,0.0
1352209620,0.0
1352209980,0.0
1352210100,0.0
1352210160,0.0
1352210280,0.0
1352210400,0.0
1352210460,0.0
1352210580,0.0
1352210820,0.0
1352211360,0.0
1352211480,0.0
1352212740,0.0
1352213160,0.0
1352213460,0.0
1352214180,0.0
1352215080,0.0
1352216520,0.0
1352216940,0.0
1352217240,0.0
1352219040,0.0
1352219460,0.0
1352220060,0.0
1352220240,0.0
1352220300,0.0
1352220360,0.0
1352220420,0.0
1352220480,0.0
1352220540,0.0
1352220600,0.0
1352220720,0.0
1352221920,0.0
1352222100,0.0
1352222220,0.0
1352222460,0.0
1352222760,0.0
1352223000,0.0
1352223660,0.0
1352224020,0.0
1352224080,0.0
1352224860,0.0
1352225700,0.0
1352226120,0.0
1352226480,0.0
1352226540,0.0
1352227020,0.0
1352227380,0.0
1352227620,0.0
1352227920,0.0
1352228040,0.0
1352228100,0.0
1352228280,0.0
1352229360,0.0
1352230740,0.0
1352231340,0.0
1352233020,0.0
1352233680,0.0
1352233980,0.0
1352234280,0.0
1352234580,0.0
1352234640,0.0
1352234820,0.0
1352235180,0.0
1352235240,0.0
1352235900,0.0
1352236020,0.0
1352236740,0.0
1352237040,0.0
1352239680,0.0
1352240820,0.0
1352241420,0.0
1352241660,0.0
1352243160,0.0
1352243580,0.0
1352244360,0.0
1352246460,0.0
1352246940,0.0
1352247600,0.0
1352248020,0.0
1352248080,0.0
1352249280,0.0
1352250240,0.0
1352250360,0.0
1352250480,0.0
1352251200,0.0
1352251500,0.0
1352251560,0.0
1352251860,0.0
1352251920,0.0
1352251980,0.0
1352252160,0.0
1352252220,0.0
1352252280,0.0
1352252340,0.0
1352252400,0.0
1352252460,0.0
1352252520,0.0
1352252580,0.0
1352252640,0.0
1352252820,0.0
1352253180,0.0
1352253960,0.0
1352254020,0.0
1352254200,0.0
1352254260,0.0
1352255100,0.0
1352255160,0.0
1352255220,0.0
1352255340,0.0
1352255400,0.0
1352255460,0.0
1352255580,0.0
1352255760,0.0
1352257260,0.0
1352257320,0.0
1352257920,0.0
1352257980,0.0
1352258220,0.0
1352258580,0.0
1352260680,0.0
1352261940,0.0
1352263740,0.0
1352264520,0.0
1352264580,0.0
1352264820,0.0
1352265060,0.0
1352265420,0.0
1352265660,0.0
1352265720,0.0
1352266320,0.0
1352266680,0.0
1352267400,0.0
1352268660,0.0
1352269620,0.0
1352269980,0.0
1352270100,0.0
1352270280,0.0
1352270400,0.0
1352270580,0.0
1352270640,0.0
1352270700,0.0
1352270940,0.0
1352273880,0.0
1352274240,0.0
1352274540,0.0
1352274600,0.0
1352274660,0.0
1352274720,0.0
1352274780,0.0
1352274840,0.0
1352274900,0.0
1352274960,0.0
1352275020,0.0
1352275080,0.0
1352276280,0.0
1352276760,0.0
1352276940,0.0
1352277000,0.0
1352278500,0.0
1352278860,0.0
1352278920,0.0
1352279400,0.0
1352280420,0.0
1352281140,0.0
1352281200,0.0
1352281380,0.0
1352281800,0.0
1352281980,0.0
1352282280,0.0
1352282460,0.0
1352282580,0.0
1352282640,0.0
1352282700,0.0
1352282760,0.0
1352282940,0.0
1352283960,0.0
1352284020,0.0
1352284140,0.0
1352284200,0.0
1352284260,0.0
1352284380,0.0
1352284440,0.0
1352285100,0.0
1352285160,0.0
1352285220,0.0
1352285280,0.0
1352285340,0.0
1352285400,0.0
1352285460,0.0
1352285520,0.0
1352285580,0.0
1352285640,0.0
1352286720,0.0
1352287380,0.0
1352287440,0.0
1352287500,0.0
1352287560,0.0
1352287620,0.0
1352287680,0.0
1352287740,0.0
1352287800,0.0
1352287860,0.0
1352287980,0.0
1352288100,0.0
1352288580,0.0
1352288760,0.0
1352288820,0.0
1352288940,0.0
1352289000,0.0
1352289300,0.0
1352289360,0.0
1352289420,0.0
1352289480,0.0
1352289600,0.0
1352289660,0.0
1352289720,0.0
1352289840,0.0
1352289900,0.0
1352289960,0.0
1352290020,0.0
1352290680,0.0
1352290740,0.0
1352291160,0.0
1352291220,0.0
1352291340,0.0
1352291400,0.0
1352291460,0.0
1352291520,0.0
1352291580,0.0
1352291640,0.0
1352291700,0.0
1352291760,0.0
1352291820,0.0
1352291880,0.0
1352291940,0.0
1352292000,0.0
1352292060,0.0
1352292120,0.0
1352292180,0.0
1352292240,0.0
1352292720,0.0
1352293260,0.0
1352293380,0.0
1352293500,0.0
1352293620,0.0
1352296260,0.0
1352296920,0.0
1352297040,0.0
1352297520,0.0
1352297700,0.0
1352298300,0.0
1352298960,0.0
1352299620,0.0
1352299740,0.0
1352301420,0.0
1352302380,0.0
1352302620,0.0
1352302680,0.0
1352302860,0.0
1352303520,0.0
1352303580,0.0
1352303640,0.0
1352303700,0.0
1352303880,0.0
1352304360,0.0
1352305020,0.0
1352307300,0.0
1352307480,0.0
1352307600,0.0
1352307660,0.0
1352307720,0.0
1352307780,0.0
1352307840,0.0
1352307960,0.0
1352309760,0.0
1352309940,0.0
1352310000,0.0
1352310480,0.0
1352311500,0.0
1352312160,0.0
1352312520,0.0
1352312820,0.0
1352313120,0.0
1352313300,0.0
1352313840,0.0
1352313960,0.0
1352314020,0.0
1352314500,0.0
1352315040,0.0
1352315700,0.0
1352317260,0.0
1352317380,0.0
1352318580,0.0
1352318640,0.0
1352318760,0.0
1352318940,0.0
1352319060,0.0
1352319120,0.0
1352319420,0.0
1352319540,0.0
1352319900,0.0
1352320200,0.0
1352320380,0.0
1352320440,0.0
1352320920,0.0
1352321760,0.0
1352324460,0.0
1352325120,0.0
1352325180,0.0
1352326740,0.0
1352329260,0.0
1352331060,0.0
1352331180,0.0
1352332320,0.0
1352332860,0.0
1352332980,0.0
1352333520,0.0
1352334300,0.0
1352334540,0.0
1352334960,0.0
1352336400,0.0
1352337060,0.0
1352337720,0.0
1352340900,0.0
1352343300,0.0
1352343960,0.0
1352346600,0.0
1352347260,0.0
1352347320,0.0
1352347380,0.0
1352347440,0.0
1352347500,0.0
1352347560,0.0
1352347620,0.0
1352347680,0.0
1352347740,0.0
1352347800,0.0
1352347860,0.0
1352347920,0.0
1352347980,0.0
1352351640,0.0
1352351700,0.0
1352355780,0.0
1352356020,0.0
1352357040,0.0
1352357700,0.0
1352358240,0.0
1352358360,0.0
1352358840,0.0
1352359020,0.0
1352359680,0.0
1352360280,0.0
1352361180,0.0
1352361240,0.0
1352361360,0.0
1352361480,0.0
1352362380,0.0
1352362560,0.0
1352363160,0.0
1352364000,0.0
1352364660,0.0
1352364720,0.0
1352364780,0.0
1352364840,0.0
1352364900,0.0
1352364960,0.0
1352365020,0.0
1352365080,0.0
1352365140,0.0
1352365200,0.0
1352365260,0.0
1352365320,0.0
1352365380,0.0
1352365440,0.0
1352365500,0.0
1352365560,0.0
1352365620,0.0
1352365680,0.0
1352365740,0.0
1352365800,0.0
1352365860,0.0
1352366760,0.0
1352366820,0.0
1352368800,0.0
1352368860,0.0
1352369040,0.0
1352369160,0.0
1352369700,0.0
1352369760,0.0
1352369820,0.0
1352369880,0.0
1352369940,0.0
1352370000,0.0
1352370060,0.0
1352371020,0.0
1352371380,0.0
1352371560,0.0
1352371680,0.0
1352372700,0.0
1352372880,0.0
1352374260,0.0
1352374320,0.0
1352374680,0.0
1352374740,0.0
1352374860,0.0
1352374920,0.0
1352374980,0.0
1352375100,0.0
1352375160,0.0
1352375220,0.0
1352375280,0.0
1352375400,0.0
1352375460,0.0
1352375580,0.0
1352375640,0.0
1352377800,0.0
1352377860,0.0
1352378520,0.0
1352378700,0.0
1352380320,0.0
1352380620,0.0
1352381160,0.0
1352383560,0.0
1352383740,0.0
1352384040,0.0
1352385120,0.0
1352386260,0.0
1352388960,0.0
1352390640,0.0
1352391780,0.0
1352391900,0.0
1352393160,0.0
1352394060,0.0
1352394720,0.0
1352395620,0.0
1352395740,0.0
1352395980,0.0
1352396640,0.0
1352397180,0.0
1352397300,0.0
1352397960,0.0
1352398380,0.0
1352399100,0.0
1352400180,0.0
1352404080,0.0
1352404140,0.0
1352405760,0.0
1352405940,0.0
1352407200,0.0
1352407380,0.0
1352407560,0.0
1352407620,0.0
1352407800,0.0
1352409840,0.0
1352410320,0.0
1352410380,0.0
1352410620,0.0
1352410680,0.0
1352410740,0.0
1352410860,0.0
1352410980,0.0
1352411040,0.0
1352412360,0.0
1352414160,0.0
1352416200,0.0
1352416440,0.0
1352417820,0.0
1352418840,0.0
1352418900,0.0
1352418960,0.0
1352419080,0.0
1352419740,0.0
1352419800,0.0
1352422620,0.0
1352424180,0.0
1352427660,0.0
1352428320,0.0
1352430480,0.0
1352430780,0.0
1352431740,0.0
1352432040,0.0
1352432160,0.0
1352432280,0.0
1352436540,0.0
1352437260,0.0
1352444760,0.0
1352446200,0.0
1352449680,0.0
1352451720,0.0
1352451900,0.0
1352452140,0.0
1352452380,0.0
1352452860,0.0
1352453280,0.0
1352453520,0.0
1352453700,0.0
1352453760,0.0
1352454240,0.0
1352454300,0.0
1352454360,0.0
1352454420,0.0
1352454480,0.0
1352454540,0.0
1352454660,0.0
1352454720,0.0
1352454780,0.0
1352454840,0.0
1352454960,0.0
1352455020,0.0
1352455260,0.0
1352456580,0.0
1352458020,0.0
1352458920,0.0
1352461200,0.0
1352462460,0.0
1352464380,0.0
1352464440,0.0
1352464500,0.0
1352464560,0.0
1352467680,0.0
1352467920,0.0
1352468520,0.0
1352469720,0.0
1352469780,0.0
1352470800,0.0
1352471220,0.0
1352471280,0.0
1352471820,0.0
1352472600,0.0
1352473800,0.0
1352473860,0.0
1352474280,0.0
1352474940,0.0
1352476920,0.0
1352478180,0.0
1352478600,0.0
1352478720,0.0
1352479080,0.0
1352479380,0.0
1352480040,0.0
1352481360,0.0
1352481720,0.0
1352481900,0.0
1352481960,0.0
1352482020,0.0
1352482080,0.0
1352485860,0.0
1352487240,0.0
1352489280,0.0
1352490000,0.0
1352490060,0.0
1352491980,0.0
1352492460,0.0
1352492520,0.0
1352492580,0.0
1352492640,0.0
1352492700,0.0
1352492760,0.0
1352492820,0.0
1352492880,0.0
1352492940,0.0
1352499540,0.0
1352500560,0.0
1352501520,0.0
1352501580,0.0
1352501640,0.0
1352503200,0.0
1352504400,0.0
1352507160,0.0
1352507760,0.0
1352510280,0.0
1352513700,0.0
1352519280,0.0
1352519760,0.0
1352520420,0.0
1352521020,0.0
1352541540,0.0
1352544840,0.0
1352544960,0.0
1352545020,0.0
1352545860,0.0
1352557980,0.0
1352558580,0.0
1352558640,0.0
1352558820,0.0
1352563500,0.0
1352563860,0.0
1352565060,0.0
1352565720,0.0
1352565960,0.0
1352566380,0.0
1352567040,0.0
1352567520,0.0
1352567700,0.0
1352567820,0.0
1352568360,0.0
1352569020,0.0
1352569680,0.0
1352570340,0.0
1352571000,0.0
1352571420,0.0
1352571540,0.0
1352571660,0.0
1352572080,0.0
1352572980,0.0
1352573160,0.0
1352573220,0.0
1352573280,0.0
1352574000,0.0
1352575140,0.0
1352576580,0.0
1352577240,0.0
1352577960,0.0
1352578800,0.0
1352581560,0.0
1352583180,0.0
1352583840,0.0
1352584500,0.0
1352584860,0.0
1352587800,0.0
1352588460,0.0
1352589120,0.0
1352589180,0.0
1352596440,0.0
1352598480,0.0
1352603640,0.0
1352606520,0.0
1352607180,0.0
1352607240,0.0
1352620380,0.0
1352621040,0.0
1352621700,0.0
1352622360,0.0
1352624460,0.0
1352625120,0.0
1352628060,0.0
1352638080,0.0
1352652420,0.0
1352653020,0.0
1352653680,0.0
1352655120,0.0
1352655780,0.0
1352655960,0.0
1352656200,0.0
1352658180,0.0
1352658300,0.0
1352658600,0.0
1352661360,0.0
1352661720,0.0
1352665380,0.0
1352670480,0.0
1352670780,0.0
1352671020,0.0
1352671140,0.0
1352671260,0.0
1352671440,0.0
1352671560,0.0
1352671620,0.0
1352672100,0.0
1352672220,0.0
1352672520,0.0
1352672700,0.0
1352672760,0.0
1352673000,0.0
1352673060,0.0
1352673420,0.0
1352673600,0.0
1352673660,0.0
1352674920,0.0
1352675040,0.0
1352682240,0.0
1352684340,0.0
1352684520,0.0
1352687160,0.0
1352688000,0.0
1352689380,0.0
1352690040,0.0
1352690700,0.0
1352691360,0.0
1352694180,0.0
1352694240,0.0
1352694300,0.0
1352701860,0.0
1352702040,0.0
1352702280,0.0
1352702700,0.0
1352702940,0.0
1352709540,0.0
1352709780,0.0
1352710140,0.0
1352712000,0.0
1352712240,0.0
1352712480,0.0
1352712660,0.0
1352712720,0.0
1352713320,0.0
1352713440,0.0
1352713620,0.0
1352714760,0.0
1352715120,0.0
1352715480,0.0
1352715780,0.0
1352715840,0.0
1352717100,0.0
1352717640,0.0
1352717760,0.0
1352717820,0.0
1352718060,0.0
1352719500,0.0
1352719920,0.0
1352721000,0.0
1352721060,0.0
1352721480,0.0
1352722200,0.0
1352722620,0.0
1352722680,0.0
1352722740,0.0
1352722800,0.0
1352722860,0.0
1352723160,0.0
1352723460,0.0
1352726520,0.0
1352726880,0.0
1352730120,0.0
1352730720,0.0
1352731380,0.0
1352731560,0.0
1352731740,0.0
1352732820,0.0
1352733060,0.0
1352733720,0.0
1352733780,0.0
1352735100,0.0
1352735940,0.0
1352737620,0.0
1352739000,0.0
1352739060,0.0
1352739120,0.0
1352740020,0.0
1352740740,0.0
1352740800,0.0
1352740920,0.0
1352741100,0.0
1352741160,0.0
1352741340,0.0
1352741400,0.0
1352744460,0.0
1352745720,0.0
1352745780,0.0
1352747100,0.0
1352747160,0.0
1352747220,0.0
1352747280,0.0
1352747340,0.0
1352747400,0.0
1352747460,0.0
1352747520,0.0
1352747580,0.0
1352747640,0.0
1352747700,0.0
1352748120,0.0
1352748180,0.0
1352751120,0.0
1352751720,0.0
1352752500,0.0
1352754120,0.0
1352754360,0.0
1352755020,0.0
1352757900,0.0
1352758500,0.0
1352758740,0.0
1352759220,0.0
1352759520,0.0
1352759580,0.0
1352759940,0.0
1352760240,0.0
1352761080,0.0
1352761260,0.0
1352761920,0.0
1352762220,0.0
1352764500,0.0
1352764620,0.0
1352764860,0.0
1352765160,0.0
1352765280,0.0
1352765520,0.0
1352767500,0.0
1352767560,0.0
1352767680,0.0
1352767740,0.0
1352771160,0.0
1352771400,0.0
1352771520,0.0
1352773740,0.0
1352775300,0.0
1352775660,0.0
1352775720,0.0
1352777100,0.0
1352780940,0.0
1352789400,0.0
1352789460,0.0
1352789520,0.0
1352789580,0.0
1352790540,0.0
1352790960,0.0
1352791500,0.0
1352791620,0.0
1352791680,0.0
1352791740,0.0
1352791800,0.0
1352794140,0.0
1352794680,0.0
1352795340,0.0
1352796000,0.0
1352798340,0.0
1352799060,0.0
1352799240,0.0
1352799780,0.0
1352800500,0.0
1352800800,0.0
1352800920,0.0
1352800980,0.0
1352801040,0.0
1352801100,0.0
1352801160,0.0
1352801280,0.0
1352801340,0.0
1352801400,0.0
1352801460,0.0
1352802540,0.0
1352803560,0.0
1352804160,0.0
1352804220,0.0
1352804940,0.0
1352805240,0.0
1352806920,0.0
1352809260,0.0
1352809560,0.0
1352809740,0.0
1352809980,0.0
1352810160,0.0
1352811240,0.0
1352815620,0.0
1352818080,0.0
1352819520,0.0
1352819640,0.0
1352820060,0.0
1352820120,0.0
1352820180,0.0
1352820300,0.0
1352824200,0.0
1352825340,0.0
1352830680,0.0
1352830740,0.0
1352830800,0.0
1352830860,0.0
1352830920,0.0
1352831220,0.0
1352831580,0.0
1352832240,0.0
1352832420,0.0
1352832900,0.0
1352833080,0.0
1352833260,0.0
1352833620,0.0
1352833680,0.0
1352834400,0.0
1352834640,0.0
1352834820,0.0
1352834880,0.0
1352835120,0.0
1352835420,0.0
1352835480,0.0
1352835540,0.0
1352835780,0.0
1352835960,0.0
1352836020,0.0
1352836080,0.0
1352836380,0.0
1352836680,0.0
1352836920,0.0
1352836980,0.0
1352837100,0.0
1352839800,0.0
1352840040,0.0
1352840460,0.0
1352840520,0.0
1352840580,0.0
1352840760,0.0
1352841420,0.0
1352841480,0.0
1352841540,0.0
1352841600,0.0
1352841660,0.0
1352843700,0.0
1352843760,0.0
1352844300,0.0
1352844960,0.0
1352847720,0.0
1352848380,0.0
1352853420,0.0
1352864640,0.0
1352865540,0.0
1352877960,0.0
1352878140,0.0
1352878620,0.0
1352878680,0.0
1352878740,0.0
1352883540,0.0
1352884200,0.0
1352884260,0.0
1352884440,0.0
1352885160,0.0
1352885220,0.0
1352888820,0.0
1352890740,0.0
1352890800,0.0
1352891520,0.0
1352892360,0.0
1352892420,0.0
1352892480,0.0
1352892600,0.0
1352892900,0.0
1352893020,0.0
1352893080,0.0
1352893140,0.0
1352893200,0.0
1352893260,0.0
1352897400,0.0
1352897520,0.0
1352897580,0.0
1352897760,0.0
1352897880,0.0
1352898000,0.0
1352898120,0.0
1352898420,0.0
1352900100,0.0
1352900400,0.0
1352900760,0.0
1352900880,0.0
1352901060,0.0
1352901660,0.0
1352901780,0.0
1352902320,0.0
1352903520,0.0
1352907240,0.0
1352908560,0.0
1352908620,0.0
1352911500,0.0
1352912160,0.0
1352916060,0.0
1352920020,0.0
1352924400,0.0
1352924460,0.0
1352926440,0.0
1352926620,0.0
1352926680,0.0
1352926740,0.0
1352926800,0.0
1352926860,0.0
1352930340,0.0
1352931360,0.0
1352932800,0.0
1352934360,0.0
1352935020,0.0
1352935080,0.0
1352935560,0.0
1352935620,0.0
1352936280,0.0
1352936340,0.0
1352936400,0.0
1352936460,0.0
1352936580,0.0
1352936880,0.0
1352937060,0.0
1352937180,0.0
1352947560,0.0
1352949120,0.0
1352955900,0.0
1352960940,0.0
1352961420,0.0
1352964480,0.0
1352964540,0.0
1352964720,0.0
1352965560,0.0
1352966760,0.0
1352967420,0.0
1352967480,0.0
1352968260,0.0
1352969700,0.0
1352969820,0.0
1352969880,0.0
1352970000,0.0
1352970360,0.0
1352970420,0.0
1352970480,0.0
1352971320,0.0
1352971920,0.0
1352972220,0.0
1352973240,0.0
1352973360,0.0
1352973480,0.0
1352973540,0.0
1352973840,0.0
1352975160,0.0
1352975220,0.0
1352975280,0.0
1352975340,0.0
1352975640,0.0
1352976120,0.0
1352977740,0.0
1352977860,0.0
1352977980,0.0
1352978040,0.0
1352978160,0.0
1352979840,0.0
1352981040,0.0
1352981340,0.0
1352981700,0.0
1352982240,0.0
1352983020,0.0
1352983500,0.0
1352983920,0.0
1352984580,0.0
1352985540,0.0
1352987160,0.0
1352987460,0.0
1352988120,0.0
1352989440,0.0
1352989920,0.0
1352993460,0.0
1352993640,0.0
1352993700,0.0
1352993940,0.0
1352994840,0.0
1352995500,0.0
1352995620,0.0
1352996820,0.0
1352997180,0.0
1352997960,0.0
1352999100,0.0
1352999220,0.0
1352999340,0.0
1352999400,0.0
1352999580,0.0
1353000000,0.0
1353000060,0.0
1353000120,0.0
1353000180,0.0
1353000300,0.0
1353000360,0.0
1353000720,0.0
1353000840,0.0
1353001980,0.0
1353002400,0.0
1353003060,0.0
1353003180,0.0
1353003840,0.0
1353004380,0.0
1353005520,0.0
1353005580,0.0
1353006780,0.0
1353007260,0.0
1353007380,0.0
1353008040,0.0
1353008760,0.0
1353009840,0.0
1353010500,0.0
1353010980,0.0
1353011460,0.0
1353011760,0.0
1353012600,0.0
1353013200,0.0
1353013860,0.0
1353014520,0.0
1353014640,0.0
1353015060,0.0
1353015120,0.0
1353015180,0.0
1353015240,0.0
1353015780,0.0
1353016440,0.0
1353016800,0.0
1353017100,0.0
1353017760,0.0
1353018780,0.0
1353018840,0.0
1353019500,0.0
1353020880,0.0
1353020940,0.0
1353022320,0.0
1353022380,0.0
1353022680,0.0
1353023220,0.0
1353023280,0.0
1353023400,0.0
1353024720,0.0
1353024780,0.0
1353024840,0.0
1353025260,0.0
1353025680,0.0
1353025740,0.0
1353026460,0.0
1353026520,0.0
1353026820,0.0
1353027060,0.0
1353027480,0.0
1353028620,0.0
1353030120,0.0
1353030900,0.0
1353030960,0.0
1353031200,0.0
1353031260,0.0
1353031320,0.0
1353031440,0.0
1353031500,0.0
1353031680,0.0
1353031740,0.0
1353032400,0.0
1353032700,0.0
1353033300,0.0
1353033420,0.0
1353033600,0.0
1353034260,0.0
1353039120,0.0
1353039960,0.0
1353043140,0.0
1353043200,0.0
1353043380,0.0
1353043440,0.0
1353044640,0.0
1353044700,0.0
1353045060,0.0
1353046920,0.0
1353047100,0.0
1353047640,0.0
1353048720,0.0
1353048840,0.0
1353048900,0.0
1353048960,0.0
1353049440,0.0
1353049620,0.0
1353050160,0.0
1353050640,0.0
1353050760,0.0
1353050820,0.0
1353050940,0.0
1353051120,0.0
1353051180,0.0
1353051360,0.0
1353054120,0.0
1353054300,0.0
1353054660,0.0
1353054840,0.0
1353055260,0.0
1353056760,0.0
1353057180,0.0
1353057780,0.0
1353058260,0.0
1353058320,0.0
1353059160,0.0
1353059220,0.0
1353059340,0.0
1353059400,0.0
1353059460,0.0
1353059580,0.0
1353059760,0.0
1353059820,0.0
1353059880,0.0
1353060180,0.0
1353060240,0.0
1353060420,0.0
1353060480,0.0
1353060540,0.0
1353060600,0.0
1353060660,0.0
1353060780,0.0
1353060840,0.0
1353061020,0.0
1353061140,0.0
1353061380,0.0
1353061440,0.0
1353061800,0.0
1353061920,0.0
1353061980,0.0
1353062040,0.0
1353062220,0.0
1353062580,0.0
1353063120,0.0
1353063180,0.0
1353063240,0.0
1353063360,0.0
1353063420,0.0
1353063540,0.0
1353063600,0.0
1353063840,0.0
1353063900,0.0
1353065160,0.0
1353065700,0.0
1353065820,0.0
1353067020,0.0
1353067080,0.0
1353067140,0.0
1353067200,0.0
1353067260,0.0
1353067320,0.0
1353067380,0.0
1353067440,0.0
1353067500,0.0
1353067560,0.0
1353067680,0.0
1353067740,0.0
1353067800,0.0
1353067860,0.0
1353068220,0.0
1353069060,0.0
1353069240,0.0
1353069360,0.0
1353069720,0.0
1353069900,0.0
1353069960,0.0
1353070020,0.0
1353070140,0.0
1353070200,0.0
1353070500,0.0
1353072420,0.0
1353072480,0.0
1353072540,0.0
1353072600,0.0
1353072660,0.0
1353072720,0.0
1353072840,0.0
1353074340,0.0
1353074640,0.0
1353074700,0.0
1353075780,0.0
1353076500,0.0
1353077280,0.0
1353077940,0.0
1353078000,0.0
1353078060,0.0
1353078120,0.0
1353078180,0.0
1353078240,0.0
1353078300,0.0
1353078360,0.0
1353078420,0.0
1353078600,0.0
1353078660,0.0
1353078720,0.0
1353078780,0.0
1353078840,0.0
1353078960,0.0
1353079200,0.0
1353079380,0.0
1353079560,0.0
1353079620,0.0
1353079680,0.0
1353079860,0.0
1353079920,0.0
1353080280,0.0
1353080340,0.0
1353081660,0.0
1353082320,0.0
1353084060,0.0
1353084120,0.0
1353084240,0.0
1353084780,0.0
1353085440,0.0
1353085500,0.0
1353085560,0.0
1353085620,0.0
1353085680,0.0
1353085740,0.0
1353085980,0.0
1353086040,0.0
1353086100,0.0
1353087240,0.0
1353088320,0.0
1353088440,0.0
1353088500,0.0
1353088560,0.0
1353088680,0.0
1353088860,0.0
1353088980,0.0
1353089040,0.0
1353089100,0.0
1353089160,0.0
1353089220,0.0
1353089280,0.0
1353089640,0.0
1353089760,0.0
1353090420,0.0
1353090480,0.0
1353090600,0.0
1353090660,0.0
1353090840,0.0
1353090900,0.0
1353091020,0.0
1353091080,0.0
1353091200,0.0
1353091380,0.0
1353091740,0.0
1353091800,0.0
1353091980,0.0
1353092400,0.0
1353094260,0.0
1353094320,0.0
1353094380,0.0
1353094440,0.0
1353097080,0.0
1353097140,0.0
1353097200,0.0
1353100440,0.0
1353101820,0.0
1353102600,0.0
1353106680,0.0
1353107160,0.0
1353107340,0.0
1353107400,0.0
1353107460,0.0
1353108000,0.0
1353108660,0.0
1353111060,0.0
1353113220,0.0
1353113340,0.0
1353113940,0.0
1353114600,0.0
1353122640,0.0
1353123720,0.0
1353124200,0.0
1353124260,0.0
1353124680,0.0
1353129240,0.0
1353129960,0.0
1353130200,0.0
1353140220,0.0
1353140280,0.0
1353140340,0.0
1353140640,0.0
1353140820,0.0
1353141000,0.0
1353149460,0.0
1353150120,0.0
1353152100,0.0
1353153780,0.0
1353154320,0.0
1353164940,0.0
1353166680,0.0
1353166740,0.0
1353166800,0.0
1353166980,0.0
1353168660,0.0
1353169320,0.0
1353171480,0.0
1353171780,0.0
1353173160,0.0
1353174060,0.0
1353174180,0.0
1353174780,0.0
1353176160,0.0
1353176520,0.0
1353176580,0.0
1353176640,0.0
1353176700,0.0
1353176880,0.0
1353177180,0.0
1353177240,0.0
1353178620,0.0
1353179280,0.0
1353179460,0.0
1353180660,0.0
1353180720,0.0
1353180780,0.0
1353180900,0.0
1353184260,0.0
1353184320,0.0
1353188940,0.0
1353189300,0.0
1353189360,0.0
1353192900,0.0
1353200700,0.0
1353201780,0.0
1353201840,0.0
1353202260,0.0
1353223620,0.0
1353228960,0.0
1353229440,0.0
1353229980,0.0
1353232800,0.0
1353234720,0.0
1353235380,0.0
1353242220,0.0
1353242640,0.0
1353242880,0.0
1353248520,0.0
1353250200,0.0
1353252960,0.0
1353255300,0.0
1353255600,0.0
1353255900,0.0
1353255960,0.0
1353256020,0.0
1353256080,0.0
1353256140,0.0
1353256200,0.0
1353256260,0.0
1353256320,0.0
1353256380,0.0
1353256440,0.0
1353256500,0.0
1353256620,0.0
1353257700,0.0
1353260280,0.0
1353260940,0.0
1353261000,0.0
1353262020,0.0
1353262080,0.0
1353263400,0.0
1353263880,0.0
1353266460,0.0
1353267120,0.0
1353267540,0.0
1353267600,0.0
1353267960,0.0
1353268140,0.0
1353269160,0.0
1353271080,0.0
1353271200,0.0
1353271560,0.0
1353271860,0.0
1353272100,0.0
1353273960,0.0
1353274080,0.0
1353274560,0.0
1353275220,0.0
1353280080,0.0
1353280740,0.0
1353281100,0.0
1353282600,0.0
1353282780,0.0
1353283080,0.0
1353283260,0.0
1353283440,0.0
1353283740,0.0
1353284760,0.0
1353287220,0.0
1353294060,0.0
1353295320,0.0
1353295980,0.0
1353296040,0.0
1353296460,0.0
1353296520,0.0
1353302280,0.0
1353303660,0.0
1353304380,0.0
1353304980,0.0
1353307080,0.0
1353307440,0.0
1353307740,0.0
1353307800,0.0
1353307860,0.0
1353310140,0.0
1353310200,0.0
1353310680,0.0
1353314340,0.0
1353315480,0.0
1353315900,0.0
1353317340,0.0
1353317700,0.0
1353317880,0.0
1353317940,0.0
1353318120,0.0
1353318180,0.0
1353319140,0.0
1353319260,0.0
1353319680,0.0
1353319740,0.0
1353319860,0.0
1353319920,0.0
1353320040,0.0
1353320100,0.0
1353320160,0.0
1353320220,0.0
1353320280,0.0
1353320340,0.0
1353320400,0.0
1353320460,0.0
1353320520,0.0
1353320580,0.0
1353320640,0.0
1353320700,0.0
1353320760,0.0
1353320820,0.0
1353320880,0.0
1353320940,0.0
1353321600,0.0
1353321900,0.0
1353321960,0.0
1353322380,0.0
1353322440,0.0
1353323280,0.0
1353323340,0.0
1353323400,0.0
1353323520,0.0
1353323580,0.0
1353323940,0.0
1353324060,0.0
1353324180,0.0
1353324300,0.0
1353324780,0.0
1353324960,0.0
1353325260,0.0
1353325800,0.0
1353325860,0.0
1353325920,0.0
1353325980,0.0
1353326040,0.0
1353326100,0.0
1353326160,0.0
1353326220,0.0
1353326400,0.0
1353326460,0.0
1353326520,0.0
1353326580,0.0
1353326640,0.0
1353327300,0.0
1353327480,0.0
1353328140,0.0
1353328800,0.0
1353329460,0.0
1353329940,0.0
1353330000,0.0
1353330480,0.0
1353330900,0.0
1353331320,0.0
1353332280,0.0
1353332340,0.0
1353332580,0.0
1353332700,0.0
1353334200,0.0
1353334260,0.0
1353334320,0.0
1353334560,0.0
1353335040,0.0
1353335220,0.0
1353335280,0.0
1353335400,0.0
1353335460,0.0
1353335580,0.0
1353335640,0.0
1353335880,0.0
1353336300,0.0
1353336960,0.0
1353337320,0.0
1353337920,0.0
1353338880,0.0
1353339000,0.0
1353339240,0.0
1353339480,0.0
1353339540,0.0
1353339780,0.0
1353340080,0.0
1353340200,0.0
1353340260,0.0
1353342120,0.0
1353342780,0.0
1353342840,0.0
1353343140,0.0
1353343200,0.0
1353343560,0.0
1353343860,0.0
1353345180,0.0
1353345780,0.0
1353345900,0.0
1353346860,0.0
1353349500,0.0
1353350280,0.0
1353350340,0.0
1353350400,0.0
1353350460,0.0
1353350520,0.0
1353350580,0.0
1353350640,0.0
1353350700,0.0
1353350760,0.0
1353351960,0.0
1353353520,0.0
1353354180,0.0
1353354360,0.0
1353354480,0.0
1353354720,0.0
1353354780,0.0
1353355380,0.0
1353355440,0.0
1353355500,0.0
1353356100,0.0
1353356160,0.0
1353357600,0.0
1353357720,0.0
1353358260,0.0
1353358320,0.0
1353358380,0.0
1353358440,0.0
1353358500,0.0
1353358560,0.0
1353359340,0.0
1353360300,0.0
1353360480,0.0
1353362940,0.0
1353363300,0.0
1353363840,0.0
1353363960,0.0
1353364140,0.0
1353364260,0.0
1353364320,0.0
1353365700,0.0
1353365820,0.0
1353366360,0.0
1353367260,0.0
1353370800,0.0
1353372300,0.0
1353372960,0.0
1353373260,0.0
1353378840,0.0
1353379500,0.0
1353380160,0.0
1353382200,0.0
1353383340,0.0
1353383640,0.0
1353391680,0.0
1353392340,0.0
1353392400,0.0
1353392460,0.0
1353392520,0.0
1353392580,0.0
1353394500,0.0
1353399180,0.0
1353399840,0.0
1353400800,0.0
1353402240,0.0
1353402540,0.0
1353402660,0.0
1353402780,0.0
1353403080,0.0
1353403440,0.0
1353403620,0.0
1353403680,0.0
1353404820,0.0
1353404880,0.0
1353404940,0.0
1353405180,0.0
1353405240,0.0
1353405300,0.0
1353405480,0.0
1353405840,0.0
1353405900,0.0
1353406140,0.0
1353406200,0.0
1353406260,0.0
1353406500,0.0
1353406800,0.0
1353407220,0.0
1353407520,0.0
1353408060,0.0
1353408540,0.0
1353408660,0.0
1353408720,0.0
1353408780,0.0
1353408840,0.0
1353408900,0.0
1353408960,0.0
1353409080,0.0
1353409500,0.0
1353409800,0.0
1353410460,0.0
1353410940,0.0
1353411720,0.0
1353412200,0.0
1353412680,0.0
1353412800,0.0
1353412860,0.0
1353412920,0.0
1353412980,0.0
1353413100,0.0
1353413400,0.0
1353413580,0.0
1353413700,0.0
1353413760,0.0
1353413940,0.0
1353414000,0.0
1353414060,0.0
1353414120,0.0
1353414180,0.0
1353414240,0.0
1353414300,0.0
1353414420,0.0
1353414780,0.0
1353415200,0.0
1353415500,0.0
1353415560,0.0
1353415620,0.0
1353415680,0.0
1353416760,0.0
1353416880,0.0
1353416940,0.0
1353417480,0.0
1353417540,0.0
1353417600,0.0
1353417660,0.0
1353418320,0.0
1353418560,0.0
1353418680,0.0
1353419040,0.0
1353419340,0.0
1353419820,0.0
1353419940,0.0
1353420000,0.0
1353420060,0.0
1353420120,0.0
1353420180,0.0
1353420600,0.0
1353420660,0.0
1353422640,0.0
1353424740,0.0
1353424800,0.0
1353424860,0.0
1353425100,0.0
1353425160,0.0
1353425400,0.0
1353426060,0.0
1353426300,0.0
1353427380,0.0
1353428400,0.0
1353428880,0.0
1353428940,0.0
1353429540,0.0
1353429660,0.0
1353429720,0.0
1353429840,0.0
1353430080,0.0
1353430140,0.0
1353430380,0.0
1353430800,0.0
1353430980,0.0
1353432600,0.0
1353433020,0.0
1353433080,0.0
1353433260,0.0
1353433500,0.0
1353433740,0.0
1353433920,0.0
1353435480,0.0
1353435840,0.0
1353437280,0.0
1353438240,0.0
1353439140,0.0
1353439380,0.0
1353440760,0.0
1353441060,0.0
1353441540,0.0
1353441600,0.0
1353443700,0.0
1353443940,0.0
1353444240,0.0
1353444540,0.0
1353446820,0.0
1353447480,0.0
1353447540,0.0
1353448980,0.0
1353449280,0.0
1353449340,0.0
1353450240,0.0
1353450300,0.0
1353450360,0.0
1353450420,0.0
1353450480,0.0
1353451080,0.0
1353453600,0.0
1353454200,0.0
1353456540,0.0
1353461160,0.0
1353462360,0.0
1353466560,0.0
1353466620,0.0
1353466680,0.0
1353466740,0.0
1353466800,0.0
1353466860,0.0
1353466920,0.0
1353466980,0.0
1353467040,0.0
1353467100,0.0
1353467160,0.0
1353467220,0.0
1353467340,0.0
1353467400,0.0
1353467520,0.0
1353467580,0.0
1353467640,0.0
1353467760,0.0
1353467820,0.0
1353468360,0.0
1353468720,0.0
1353469320,0.0
1353469440,0.0
1353471060,0.0
1353471300,0.0
1353472800,0.0
1353472860,0.0
1353473040,0.0
1353476700,0.0
1353478740,0.0
1353478800,0.0
1353478860,0.0
1353478920,0.0
1353478980,0.0
1353480360,0.0
1353483660,0.0
1353485760,0.0
1353486240,0.0
1353486300,0.0
1353487320,0.0
1353489720,0.0
1353489900,0.0
1353490380,0.0
1353490500,0.0
1353490980,0.0
1353491340,0.0
1353491520,0.0
1353491880,0.0
1353492000,0.0
1353492540,0.0
1353492720,0.0
1353493200,0.0
1353493260,0.0
1353493320,0.0
1353493380,0.0
1353493440,0.0
1353493500,0.0
1353493560,0.0
1353493680,0.0
1353493740,0.0
1353493800,0.0
1353493860,0.0
1353493920,0.0
1353495660,0.0
1353496800,0.0
1353497160,0.0
1353497760,0.0
1353497820,0.0
1353499260,0.0
1353499620,0.0
1353500520,0.0
1353501000,0.0
1353501360,0.0
1353502860,0.0
1353503160,0.0
1353505560,0.0
1353505740,0.0
1353507300,0.0
1353507360,0.0
1353508620,0.0
1353509220,0.0
1353510600,0.0
1353511200,0.0
1353511860,0.0
1353513960,0.0
1353518820,0.0
1353519480,0.0
1353520080,0.0
1353524220,0.0
1353524340,0.0
1353524640,0.0
1353524820,0.0
1353524940,0.0
1353525900,0.0
1353526500,0.0
1353527820,0.0
1353527940,0.0
1353529740,0.0
1353529920,0.0
1353530340,0.0
1353530700,0.0
1353530880,0.0
1353531540,0.0
1353531600,0.0
1353531660,0.0
1353531720,0.0
1353531780,0.0
1353531840,0.0
1353531900,0.0
1353533040,0.0
1353533520,0.0
1353533580,0.0
1353536340,0.0
1353536520,0.0
1353537360,0.0
1353537420,0.0
1353537480,0.0
1353537840,0.0
1353539160,0.0
1353541440,0.0
1353541620,0.0
1353541740,0.0
1353541920,0.0
1353541980,0.0
1353542040,0.0
1353542100,0.0
1353542220,0.0
1353542340,0.0
1353542520,0.0
1353542580,0.0
1353542640,0.0
1353542700,0.0
1353542760,0.0
1353542820,0.0
1353545280,0.0
1353545580,0.0
1353545880,0.0
1353546120,0.0
1353555660,0.0
1353555900,0.0
1353555960,0.0
1353556080,0.0
1353556140,0.0
1353556200,0.0
1353556260,0.0
1353556320,0.0
1353556920,0.0
1353557280,0.0
1353557340,0.0
1353557400,0.0
1353557460,0.0
1353557520,0.0
1353557580,0.0
1353557880,0.0
1353558000,0.0
1353558060,0.0
1353558180,0.0
1353558660,0.0
1353558960,0.0
1353559020,0.0
1353559080,0.0
1353559260,0.0
1353559980,0.0
1353560760,0.0
1353560820,0.0
1353560880,0.0
1353561840,0.0
1353563160,0.0
1353563400,0.0
1353565200,0.0
1353566040,0.0
1353566100,0.0
1353566580,0.0
1353566820,0.0
1353566880,0.0
1353566940,0.0
1353567000,0.0
1353567060,0.0
1353568320,0.0
1353568860,0.0
1353569760,0.0
1353569820,0.0
1353570000,0.0
1353570360,0.0
1353571080,0.0
1353571500,0.0
1353572940,0.0
1353573000,0.0
1353573600,0.0
1353573900,0.0
1353573960,0.0
1353574020,0.0
1353574140,0.0
1353574260,0.0
1353574440,0.0
1353574620,0.0
1353574740,0.0
1353574860,0.0
1353574920,0.0
1353575100,0.0
1353575160,0.0
1353575220,0.0
1353575280,0.0
1353575520,0.0
1353575580,0.0
1353575640,0.0
1353576180,0.0
1353576420,0.0
1353576780,0.0
1353576840,0.0
1353577020,0.0
1353577200,0.0
1353577680,0.0
1353577740,0.0
1353577800,0.0
1353577860,0.0
1353577920,0.0
1353577980,0.0
1353578040,0.0
1353578100,0.0
1353578160,0.0
1353578220,0.0
1353578760,0.0
1353579000,0.0
1353579060,0.0
1353579180,0.0
1353579300,0.0
1353579360,0.0
1353579480,0.0
1353579660,0.0
1353579720,0.0
1353580140,0.0
1353580200,0.0
1353580320,0.0
1353580380,0.0
1353580560,0.0
1353581100,0.0
1353581220,0.0
1353581760,0.0
1353582360,0.0
1353582480,0.0
1353582900,0.0
1353583140,0.0
1353583260,0.0
1353583500,0.0
1353583560,0.0
1353583860,0.0
1353584160,0.0
1353584520,0.0
1353585720,0.0
1353585900,0.0
1353585960,0.0
1353586020,0.0
1353586260,0.0
1353586980,0.0
1353587040,0.0
1353587100,0.0
1353587280,0.0
1353587340,0.0
1353587640,0.0
1353587940,0.0
1353588000,0.0
1353588060,0.0
1353588120,0.0
1353588360,0.0
1353588480,0.0
1353588540,0.0
1353588720,0.0
1353588780,0.0
1353588840,1.0
1353589080,1.0
1353589140,1.0
1353589200,0.0
1353589260,0.0
1353589680,0.0
1353589740,0.0
1353589980,0.0
1353590640,0.0
1353590700,1.0
1353590760,1.0
1353591060,1.0
1353591120,1.0
1353591300,1.0
1353592080,1.0
1353592200,0.0
1353592260,0.0
1353592320,0.0
1353592380,0.0
1353593040,0.0
1353593220,0.0
1353593400,0.0
1353593460,0.0
1353593520,0.0
1353593700,0.0
1353593760,0.0
1353594060,0.0
1353594300,0.0
1353594360,0.0
1353594420,0.0
1353594540,0.0
1353594660,0.0
1353594960,0.0
1353595080,0.0
1353595620,1.0
1353595980,1.0
1353596040,1.0
1353596220,1.0
1353596280,1.0
1353596340,0.0
1353596520,0.0
1353596580,0.0
1353596880,1.0
1353597000,0.0
1353597120,0.0
1353597240,0.0
1353597840,0.0
1353598200,0.0
1353598260,0.0
1353598320,0.0
1353598380,0.0
1353598440,0.0
1353598560,0.0
1353598620,0.0
1353598680,0.0
1353598740,0.0
1353598800,0.0
1353598860,0.0
1353599940,0.0
1353600000,0.0
1353600060,0.0
1353601680,0.0
1353602100,0.0
1353602520,0.0
1353602640,0.0
1353602700,0.0
1353603120,0.0
1353604320,0.0
1353605700,0.0
1353605760,0.0
1353605820,0.0
1353606000,0.0
1353606240,0.0
1353607680,0.0
1353608760,0.0
1353608880,0.0
1353608940,0.0
1353609360,0.0
1353609780,0.0
1353609840,0.0
1353609900,0.0
1353609960,0.0
1353610020,0.0
1353610440,0.0
1353610500,0.0
1353610560,0.0
1353610620,0.0
1353610980,0.0
1353611100,0.0
1353611220,0.0
1353611340,0.0
1353611640,0.0
1353611700,0.0
1353611760,0.0
1353611820,0.0
1353611880,0.0
1353611940,0.0
1353612000,0.0
1353612540,0.0
1353612600,0.0
1353614100,0.0
1353614760,0.0
1353614820,0.0
1353615300,0.0
1353615480,0.0
1353618240,0.0
1353622080,0.0
1353622740,0.0
1353622860,0.0
1353622920,0.0
1353623400,0.0
1353623460,0.0
1353623520,0.0
1353623820,0.0
1353624060,0.0
1353627600,0.0
1353628320,0.0
1353628380,0.0
1353628800,0.0
1353628920,0.0
1353628980,0.0
1353629340,0.0
1353630180,0.0
1353631980,0.0
1353635280,0.0
1353636660,0.0
1353637920,0.0
1353638160,0.0
1353641520,0.0
1353641640,0.0
1353642660,0.0
1353643320,0.0
1353643380,0.0
1353643500,0.0
1353646860,0.0
1353648120,0.0
1353648180,0.0
1353655920,0.0
1353656760,0.0
1353658560,0.0
1353661620,0.0
1353661920,0.0
1353662220,0.0
1353662760,0.0
1353662880,0.0
1353664020,0.0
1353664080,0.0
1353664680,0.0
1353665220,0.0
1353665340,0.0
1353665520,0.0
1353665760,0.0
1353666000,0.0
1353666240,0.0
1353666600,0.0
1353666660,0.0
1353666900,0.0
1353666960,0.0
1353668640,0.0
1353668700,0.0
1353668760,0.0
1353668820,0.0
1353668940,0.0
1353669000,0.0
1353670980,0.0
1353671220,0.0
1353672840,0.0
1353673620,0.0
1353673680,0.0
1353673740,0.0
1353674040,0.0
1353674280,0.0
1353675780,0.0
1353675900,0.0
1353676020,0.0
1353676740,0.0
1353676800,0.0
1353679800,0.0
1353680460,0.0
1353682200,0.0
1353682860,0.0
1353683280,0.0
1353683460,0.0
1353686580,0.0
1353687360,0.0
1353688020,0.0
1353688560,0.0
1353688620,0.0
1353689880,0.0
1353689940,0.0
1353691020,0.0
1353691260,0.0
1353691380,0.0
1353691500,0.0
1353694980,0.0
1353695880,0.0
1353696000,0.0
1353696180,0.0
1353696300,0.0
1353698220,0.0
1353699480,0.0
1353699540,0.0
1353700020,0.0
1353700080,0.0
1353700140,0.0
1353702420,0.0
1353704280,0.0
1353704820,0.0
1353704940,0.0
1353705000,0.0
1353705060,0.0
1353705120,0.0
1353705180,0.0
1353705300,0.0
1353705360,0.0
1353705780,0.0
1353705960,0.0
1353707100,0.0
1353708060,0.0
1353708660,0.0
1353709980,0.0
1353710040,0.0
1353710100,0.0
1353710160,0.0
1353710280,0.0
1353710340,0.0
1353710520,0.0
1353710580,0.0
1353710640,0.0
1353712260,0.0
1353712740,0.0
1353713880,0.0
1353714120,0.0
1353714180,0.0
1353714300,0.0
1353714480,0.0
1353714540,0.0
1353714660,0.0
1353714720,0.0
1353714780,0.0
1353714840,0.0
1353715140,0.0
1353715380,0.0
1353717600,0.0
1353719100,0.0
1353722100,0.0
1353722580,0.0
1353722760,0.0
1353724260,0.0
1353725400,0.0
1353725520,0.0
1353725580,0.0
1353733980,0.0
1353735120,0.0
1353736320,0.0
1353737760,0.0
1353742200,0.0
1353744360,0.0
1353744660,0.0
1353745320,0.0
1353745380,0.0
1353748680,0.0
1353750420,0.0
1353751980,0.0
1353752400,0.0
1353753720,0.0
1353753900,0.0
1353754380,0.0
1353754500,0.0
1353754560,0.0
1353754680,0.0
1353756600,0.0
1353756780,0.0
1353757020,0.0
1353757560,0.0
1353757680,0.0
1353762240,0.0
1353762360,0.0
1353762420,0.0
1353762480,0.0
1353762600,0.0
1353763020,0.0
1353763200,0.0
1353763560,0.0
1353763680,0.0
1353764160,0.0
1353764220,0.0
1353764280,0.0
1353764340,0.0
1353769380,0.0
1353773220,0.0
1353773280,0.0
1353775560,0.0
1353775680,0.0
1353776040,0.0
1353777300,0.0
1353778200,0.0
1353783240,0.0
1353783300,0.0
1353784980,0.0
1353785640,0.0
1353786120,0.0
1353786300,0.0
1353789900,0.0
1353790560,0.0
1353790680,0.0
1353791220,0.0
1353795600,0.0
1353797640,0.0
1353800760,0.0
1353800880,0.0
1353801420,0.0
1353802080,0.0
1353802740,0.0
1353808740,0.0
1353808800,0.0
1353808920,0.0
1353809760,0.0
1353813480,0.0
1353813600,0.0
1353813660,0.0
1353814620,0.0
1353818940,0.0
1353820500,0.0
1353823320,0.0
1353823920,0.0
1353824880,0.0
1353824940,0.0
1353825000,0.0
1353825060,0.0
1353827340,0.0
1353827460,0.0
1353828180,0.0
1353828900,0.0
1353829020,0.0
1353829140,0.0
1353829260,0.0
1353830100,0.0
1353830160,0.0
1353830220,0.0
1353830400,0.0
1353831720,0.0
1353831780,0.0
1353833520,0.0
1353833700,0.0
1353836580,0.0
1353836940,0.0
1353838260,0.0
1353839400,0.0
1353839460,0.0
1353839520,0.0
1353839580,0.0
1353839700,0.0
1353841620,0.0
1353842340,0.0
1353846000,0.0
1353849660,0.0
1353850080,0.0
1353850320,0.0
1353850980,0.0
1353852180,0.0
1353853080,0.0
1353856080,0.0
1353856740,0.0
1353857160,0.0
1353857400,0.0
1353857580,0.0
1353858240,0.0
1353858840,0.0
1353858900,0.0
1353861300,0.0
1353862320,0.0
1353867300,0.0
1353873600,0.0
1353875040,0.0
1353876900,0.0
1353877320,0.0
1353877560,0.0
1353878040,0.0
1353878220,0.0
1353878820,0.0
1353880020,0.0
1353881820,0.0
1353882180,0.0
1353882900,0.0
1353882960,0.0
1353883020,0.0
1353883860,0.0
1353884160,0.0
1353885660,0.0
1353886560,0.0
1353888300,0.0
1353888420,0.0
1353888660,0.0
1353888840,0.0
1353889140,0.0
1353889260,0.0
1353890340,0.0
1353890460,0.0
1353890520,0.0
1353892080,0.0
1353893100,0.0
1353893160,0.0
1353894120,0.0
1353895020,0.0
1353895080,0.0
1353895440,0.0
1353896400,0.0
1353896880,0.0
1353896940,0.0
1353898560,0.0
1353898680,0.0
1353899880,0.0
1353899940,0.0
1353906360,0.0
1353906840,0.0
1353907500,0.0
1353907860,0.0
1353908100,0.0
1353910920,0.0
1353911040,0.0
1353912180,0.0
1353912300,0.0
1353915480,0.0
1353915540,0.0
1353915660,0.0
1353915720,0.0
1353915780,0.0
1353915840,0.0
1353915900,0.0
1353916620,0.0
1353916680,0.0
1353916860,0.0
1353917040,0.0
1353917640,0.0
1353917820,0.0
1353917880,0.0
1353919500,0.0
1353920160,0.0
1353920580,0.0
1353922680,0.0
1353926040,0.0
1353927540,0.0
1353927600,0.0
1353928020,0.0
1353930060,0.0
1353931380,0.0
1353936900,0.0
1353937200,0.0
1353937260,0.0
1353937320,0.0
1353937920,0.0
1353937980,0.0
1353938040,0.0
1353938100,0.0
1353938160,0.0
1353938400,0.0
1353938580,0.0
1353938640,0.0
1353938760,0.0
1353938820,0.0
1353938880,0.0
1353939060,0.0
1353939120,0.0
1353939660,0.0
1353940500,0.0
1353941160,0.0
1353941640,0.0
1353942060,0.0
1353944220,0.0
1353945900,0.0
1353946500,0.0
1353946560,0.0
1353946740,0.0
1353946800,0.0
1353946920,0.0
1353947040,0.0
1353947100,0.0
1353947160,0.0
1353947220,0.0
1353947280,0.0
1353947340,0.0
1353947400,0.0
1353947460,0.0
1353947520,0.0
1353947580,0.0
1353947640,0.0
1353947700,0.0
1353947760,0.0
1353947940,0.0
1353948060,0.0
1353948120,0.0
1353948180,0.0
1353948240,0.0
1353948300,0.0
1353948360,0.0
1353948420,0.0
1353948480,0.0
1353948540,0.0
1353948600,0.0
1353948660,0.0
1353948720,1.0
1353950280,1.0
1353950940,1.0
1353952200,1.0
1353952500,1.0
1353952860,1.0
1353954360,0.0
1353954420,0.0
1353955980,0.0
1353956100,0.0
1353956640,0.0
1353957120,0.0
1353957780,0.0
1353959520,0.0
1353960180,0.0
1353960780,0.0
1353962040,0.0
1353962460,0.0
1353963960,0.0
1353964020,0.0
1353964320,0.0
1353964380,0.0
1353964500,0.0
1353964560,0.0
1353968520,0.0
1353968880,0.0
1353968940,0.0
1353969180,0.0
1353969480,0.0
1353969900,0.0
1353970140,0.0
1353970200,0.0
1353970560,0.0
1353970920,0.0
1353971040,0.0
1353971280,0.0
1353971580,0.0
1353971640,0.0
1353973080,0.0
1353973140,0.0
1353973200,0.0
1353973500,0.0
1353978960,0.0
1353979140,0.0
1353979200,0.0
1353981000,0.0
1353981660,0.0
1353982260,0.0
1353982440,0.0
1353994020,0.0
1353994800,0.0
1353998460,0.0
1353998760,0.0
1353998820,0.0
1353999240,0.0
1353999360,0.0
1354001460,0.0
1354002120,0.0
1354003980,0.0
1354004040,0.0
1354004100,0.0
1354004220,0.0
1354005300,0.0
1354005660,0.0
1354006140,0.0
1354007100,0.0
1354007580,0.0
1354008540,0.0
1354008660,0.0
1354010280,0.0
1354010760,0.0
1354010820,0.0
1354010940,0.0
1354011120,0.0
1354011780,0.0
1354011900,0.0
1354013640,0.0
1354014300,0.0
1354014480,0.0
1354014960,0.0
1354015080,0.0
1354015200,0.0
1354015500,0.0
1354015680,0.0
1354015800,0.0
1354017180,0.0
1354018200,0.0
1354019160,0.0
1354019220,0.0
1354019280,0.0
1354019340,0.0
1354019400,0.0
1354019880,0.0
1354020060,0.0
1354020840,0.0
1354020900,0.0
1354021620,0.0
1354022100,0.0
1354022400,0.0
1354022460,0.0
1354022520,0.0
1354023120,0.0
1354023660,0.0
1354023780,0.0
1354024080,0.0
1354024920,0.0
1354028220,0.0
1354028580,0.0
1354028880,0.0
1354029480,0.0
1354029600,0.0
1354029660,0.0
1354029720,0.0
1354029780,0.0
1354030080,0.0
1354030740,0.0
1354031100,0.0
1354031220,0.0
1354032480,0.0
1354033200,0.0
1354034700,0.0
1354036260,0.0
1354036740,0.0
1354036800,0.0
1354036860,0.0
1354037040,0.0
1354037280,0.0
1354037400,0.0
1354037580,0.0
1354037640,0.0
1354037700,0.0
1354037760,0.0
1354038240,0.0
1354038300,0.0
1354038360,0.0
1354038420,0.0
1354038840,0.0
1354039440,0.0
1354039560,0.0
1354040820,0.0
1354041240,0.0
1354044000,0.0
1354044780,0.0
1354045320,0.0
1354045380,0.0
1354045440,0.0
1354045500,0.0
1354045560,0.0
1354045620,0.0
1354046640,0.0
1354047060,0.0
1354047300,0.0
1354047720,0.0
1354047960,0.0
1354048020,0.0
1354048560,0.0
1354048620,0.0
1354048680,0.0
1354051380,0.0
1354052100,0.0
1354052160,0.0
1354053300,0.0
1354053840,0.0
1354054140,0.0
1354054260,0.0
1354054740,0.0
1354054800,0.0
1354056960,0.0
1354057620,0.0
1354057740,0.0
1354058400,0.0
1354059960,0.0
1354062180,0.0
1354062480,0.0
1354062540,0.0
1354062600,0.0
1354062840,0.0
1354067160,0.0
1354067700,0.0
1354067820,0.0
1354068480,0.0
1354068660,0.0
1354069140,0.0
1354069320,0.0
1354069800,0.0
1354069920,0.0
1354070460,0.0
1354070580,0.0
1354071240,1.0
1354072320,1.0
1354077720,1.0
1354077840,1.0
1354078080,1.0
1354078380,1.0
1354082220,1.0
1354082460,0.0
1354082520,0.0
1354082640,0.0
1354085880,0.0
1354087500,0.0
1354087680,0.0
1354088040,0.0
1354090080,0.0
1354092240,0.0
1354092780,0.0
1354093620,0.0
1354094100,0.0
1354096200,0.0
1354096320,0.0
1354096380,0.0
1354096920,0.0
1354097400,0.0
1354097460,0.0
1354098120,0.0
1354098180,0.0
1354099440,0.0
1354099500,0.0
1354099680,0.0
1354100100,0.0
1354100160,0.0
1354100520,0.0
1354100580,0.0
1354100640,0.0
1354100700,0.0
1354100760,0.0
1354100820,0.0
1354100880,0.0
1354100940,0.0
1354101000,0.0
1354101120,0.0
1354101360,0.0
1354101840,0.0
1354103580,0.0
1354104660,0.0
1354104720,0.0
1354105320,0.0
1354105800,0.0
1354105980,0.0
1354106580,0.0
1354106820,0.0
1354107060,0.0
1354107180,0.0
1354107900,0.0
1354108020,0.0
1354108860,0.0
1354109520,0.0
1354109700,0.0
1354110120,0.0
1354110960,0.0
1354111620,0.0
1354112880,0.0
1354113120,0.0
1354113720,0.0
1354113960,0.0
1354114380,0.0
1354114440,0.0
1354117080,0.0
1354117260,0.0
1354118100,0.0
1354119300,0.0
1354124280,0.0
1354124700,0.0
1354125780,0.0
1354129260,0.0
1354129740,0.0
1354130400,0.0
1354130520,0.0
1354130640,0.0
1354130700,0.0
1354130760,0.0
1354131300,0.0
1354131420,0.0
1354131480,0.0
1354131540,0.0
1354131600,0.0
1354131660,0.0
1354133220,0.0
1354134000,0.0
1354134060,0.0
1354134120,0.0
1354136640,0.0
1354138620,0.0
1354139520,0.0
1354140180,0.0
1354140900,0.0
1354141380,0.0
1354142700,0.0
1354145520,0.0
1354146000,0.0
1354146300,0.0
1354148880,0.0
1354153620,0.0
1354155480,0.0
1354155660,0.0
1354156080,0.0
1354156740,0.0
1354157940,0.0
1354170120,0.0
1354172580,0.0
1354173180,0.0
1354173840,0.0
1354177560,0.0
1354177680,0.0
1354177740,0.0
1354181940,0.0
1354182600,0.0
1354183140,0.0
1354183260,0.0
1354183980,0.0
1354184100,0.0
1354185540,0.0
1354186260,0.0
1354186560,0.0
1354188300,0.0
1354188780,0.0
1354188840,0.0
1354188900,0.0
1354188960,0.0
1354189920,0.0
1354190280,0.0
1354190940,0.0
1354191180,0.0
1354191480,0.0
1354192980,0.0
1354193160,0.0
1354193880,0.0
1354197240,0.0
1354197300,0.0
1354198440,0.0
1354199640,0.0
1354199760,0.0
1354200300,0.0
1354200360,1.0
1354200600,1.0
1354200720,1.0
1354200960,1.0
1354201020,0.0
1354201260,1.0
1354201380,1.0
1354202100,0.0
1354206480,0.0
1354206840,0.0
1354207560,0.0
1354207860,0.0
1354208280,0.0
1354208460,0.0
1354208520,0.0
1354208580,0.0
1354208640,0.0
1354208760,0.0
1354209000,0.0
1354209300,0.0
1354209360,0.0
1354209420,0.0
1354211100,0.0
1354211400,0.0
1354211760,0.0
1354212420,0.0
1354212480,0.0
1354213080,1.0
1354213500,0.0
1354213560,0.0
1354213620,0.0
1354214160,0.0
1354214220,0.0
1354214280,0.0
1354214820,0.0
1354214940,0.0
1354215000,0.0
1354215060,0.0
1354215360,0.0
1354215540,0.0
1354216020,0.0
1354216080,0.0
1354216740,0.0
1354217880,0.0
1354219140,0.0
1354219800,0.0
1354219860,0.0
1354219920,0.0
1354219980,0.0
1354220040,0.0
1354220220,0.0
1354220580,0.0
1354220640,0.0
1354220700,0.0
1354222020,0.0
1354222200,0.0
1354222680,0.0
1354222740,0.0
1354222920,0.0
1354223520,0.0
1354223580,0.0
1354223760,0.0
1354224840,0.0
1354227660,0.0
1354227720,0.0
1354227780,0.0
1354228260,0.0
1354228740,0.0
1354229640,0.0
1354232400,0.0
1354234020,0.0
1354234680,0.0
1354234740,0.0
1354234800,0.0
1354234860,0.0
1354234920,0.0
1354236540,0.0
1354236600,0.0
1354236660,0.0
1354237380,0.0
1354237560,0.0
1354238700,0.0
1354240080,0.0
1354240740,0.0
1354240860,0.0
1354242180,0.0
1354243620,0.0
1354246140,0.0
1354246200,0.0
1354246260,0.0
1354246320,0.0
1354246380,0.0
1354246440,0.0
1354246500,0.0
1354246620,0.0
1354246680,0.0
1354247340,0.0
1354248180,0.0
1354248840,0.0
1354248960,0.0
1354249260,0.0
1354261320,0.0
1354261380,0.0
1354263540,0.0
1354263600,0.0
1354264740,0.0
1354264800,0.0
1354265580,0.0
1354265760,0.0
1354265820,0.0
1354265880,0.0
1354266180,0.0
1354270080,0.0
1354270140,0.0
1354271400,0.0
1354271460,0.0
1354271520,0.0
1354272240,0.0
1354278420,0.0
1354278720,0.0
1354278780,0.0
1354278840,0.0
1354278900,0.0
1354278960,0.0
1354279020,0.0
1354279080,0.0
1354279440,0.0
1354279920,0.0
1354281300,0.0
1354281360,0.0
1354281900,0.0
1354283820,0.0
1354283880,0.0
1354283940,0.0
1354284180,0.0
1354284240,0.0
1354284300,0.0
1354285620,0.0
1354288140,0.0
1354288740,0.0
1354288860,0.0
1354290660,0.0
1354290780,0.0
1354291740,0.0
1354291800,0.0
1354292280,0.0
1354292460,0.0
1354292520,0.0
1354292700,0.0
1354293120,0.0
1354293300,0.0
1354293360,0.0
1354293780,0.0
1354296240,0.0
1354297440,0.0
1354297500,0.0
1354297680,0.0
1354297740,0.0
1354297800,0.0
1354298160,0.0
1354298820,0.0
1354299000,0.0
1354301760,0.0
1354301880,0.0
1354302540,0.0
1354303260,0.0
1354303440,0.0
1354304100,0.0
1354304160,0.0
1354304220,0.0
1354305360,0.0
1354305480,0.0
1354306020,0.0
1354307940,0.0
1354308000,0.0
1354308060,0.0
1354308600,0.0
1354308660,0.0
1354308780,0.0
1354308900,0.0
1354309440,0.0
1354309560,0.0
1354311300,0.0
1354311660,0.0
1354311780,0.0
1354311840,0.0
1354313880,0.0
1354316040,0.0
1354318440,0.0
1354318560,0.0
1354319760,0.0
1354320180,0.0
1354320240,0.0
1354324140,0.0
1354326360,0.0
1354327020,0.0
1354327260,0.0
1354327380,0.0
1354328040,0.0
1354328100,0.0
1354328160,0.0
1354328220,0.0
1354328280,0.0
1354328340,0.0
1354331940,0.0
1354332060,0.0
1354333800,0.0
1354334460,0.0
1354335840,0.0
1354336800,0.0
1354342560,0.0
1354343760,0.0
1354352400,0.0
1354352520,0.0
1354353360,0.0
1354354020,0.0
1354358940,0.0
1354359000,0.0
1354359180,0.0
1354359240,0.0
1354360560,0.0
1354363980,0.0
1354365780,0.0
1354371120,0.0
1354372500,0.0
1354372800,0.0
1354373160,0.0
1354374480,0.0
1354377420,0.0
1354378020,0.0
1354381620,0.0
1354382220,0.0
1354382580,0.0
1354385220,0.0
1354385580,0.0
1354385880,0.0
1354386480,0.0
1354386600,0.0
1354387680,0.0
1354394040,0.0
1354394400,0.0
1354394520,0.0
1354395180,0.0
1354398600,0.0
1354398960,0.0
1354399020,0.0
1354401720,0.0
1354402860,0.0
1354404720,0.0
1354405380,0.0
1354405440,0.0
1354406760,0.0
1354408380,0.0
1354412340,0.0
1354412580,0.0
1354414740,0.0
1354415940,0.0
1354421820,0.0
1354440780,0.0
1354443480,0.0
1354444080,0.0
1354444740,0.0
1354444800,0.0
1354444860,0.0
1354444920,0.0
1354444980,0.0
1354445040,0.0
1354445100,0.0
1354445160,0.0
1354445220,0.0
1354445280,0.0
1354445340,0.0
1354445400,0.0
1354445460,0.0
1354447140,0.0
1354447380,0.0
1354452780,0.0
1354452960,0.0
1354453620,0.0
1354453860,0.0
1354453920,0.0
1354456080,0.0
1354456680,0.0
1354457040,0.0
1354457160,0.0
1354457820,0.0
1354458780,0.0
1354459560,0.0
1354459620,0.0
1354460640,0.0
1354464960,0.0
1354465140,0.0
1354467060,0.0
1354467240,0.0
1354467540,0.0
1354468380,0.0
1354468620,0.0
1354469700,0.0
1354469760,0.0
1354469820,0.0
1354469940,0.0
1354470060,0.0
1354470240,0.0
1354475400,0.0
1354480440,0.0
1354480680,0.0
1354482840,0.0
1354487280,0.0
1354487700,0.0
1354488720,0.0
1354489320,0.0
1354490580,0.0
1354491240,0.0
1354491420,0.0
1354492800,0.0
1354492980,0.0
1354493040,0.0
1354493280,0.0
1354496160,0.0
1354497660,0.0
1354497960,0.0
1354500000,0.0
1354500360,0.0
1354500480,0.0
1354507080,0.0
1354507200,0.0
1354511760,0.0
1354512000,0.0
1354515120,0.0
1354518120,0.0
1354520040,0.0
1354520700,0.0
1354520760,0.0
1354525620,0.0
1354525680,0.0
1354526460,0.0
1354527120,0.0
1354527780,0.0
1354528440,0.0
1354529040,0.0
1354529100,0.0
1354529880,0.0
1354531140,0.0
1354531560,0.0
1354531920,0.0
1354531980,0.0
1354532040,0.0
1354532100,0.0
1354532160,0.0
1354532220,0.0
1354532280,0.0
1354532760,0.0
1354532940,0.0
1354533300,0.0
1354533480,0.0
1354533600,0.0
1354533660,0.0
1354533720,0.0
1354533840,0.0
1354534140,0.0
1354534200,0.0
1354534260,0.0
1354534320,0.0
1354534380,0.0
1354534440,0.0
1354536300,0.0
1354536480,0.0
1354538100,0.0
1354538280,0.0
1354538400,0.0
1354538940,0.0
1354539060,0.0
1354539360,0.0
1354540020,0.0
1354540560,0.0
1354540800,0.0
1354540860,0.0
1354541280,0.0
1354541340,0.0
1354541820,0.0
1354546800,0.0
1354546860,0.0
1354547340,0.0
1354547520,0.0
1354548060,0.0
1354548180,0.0
1354548240,0.0
1354548360,0.0
1354551360,0.0
1354552020,0.0
1354553100,0.0
1354556340,0.0
1354557480,0.0
1354557900,0.0
1354558260,0.0
1354558800,0.0
1354558920,0.0
1354558980,0.0
1354559040,0.0
1354559640,0.0
1354559940,0.0
1354561260,0.0
1354562100,0.0
1354562160,0.0
1354562220,0.0
1354562340,0.0
1354562400,0.0
1354562820,0.0
1354562880,0.0
1354562940,0.0
1354563000,0.0
1354563060,0.0
1354563180,0.0
1354563480,0.0
1354564380,0.0
1354564440,0.0
1354564500,0.0
1354565220,0.0
1354566240,0.0
1354567800,0.0
1354567860,0.0
1354567920,0.0
1354568100,0.0
1354570140,0.0
1354570440,0.0
1354570620,0.0
1354571460,0.0
1354571580,0.0
1354571640,1.0
1354571880,1.0
1354572000,1.0
1354572060,0.0
1354572360,0.0
1354572660,0.0
1354572720,0.0
1354573620,0.0
1354574700,0.0
1354574880,0.0
1354575360,0.0
1354575840,0.0
1354576680,0.0
1354576740,0.0
1354577100,0.0
1354577160,0.0
1354577340,0.0
1354577580,0.0
1354578240,1.0
1354578300,0.0
1354579440,0.0
1354579560,0.0
1354579740,0.0
1354579800,0.0
1354580040,0.0
1354580100,0.0
1354580400,0.0
1354580700,0.0
1354581000,0.0
1354581060,0.0
1354582620,0.0
1354582740,0.0
1354582920,0.0
1354584840,0.0
1354585380,0.0
1354585500,0.0
1354585620,0.0
1354585860,0.0
1354585980,0.0
1354586280,0.0
1354586520,0.0
1354587720,0.0
1354588500,0.0
1354588800,0.0
1354588860,0.0
1354589880,0.0
1354593060,0.0
1354593120,0.0
1354593180,0.0
1354594380,0.0
1354597140,0.0
1354597260,0.0
1354597380,0.0
1354597440,0.0
1354597500,0.0
1354598100,0.0
1354598160,0.0
1354599840,0.0
1354600320,0.0
1354600380,0.0
1354601040,0.0
1354603440,0.0
1354604160,0.0
1354608180,0.0
1354608240,0.0
1354608300,0.0
1354610520,0.0
1354611660,0.0
1354611960,0.0
1354612320,0.0
1354613640,0.0
1354615260,0.0
1354615440,0.0
1354615500,0.0
1354615620,0.0
1354615860,0.0
1354616040,0.0
1354616220,0.0
1354617120,0.0
1354617180,0.0
1354617780,0.0
1354617960,0.0
1354618440,0.0
1354618980,0.0
1354619040,0.0
1354619400,0.0
1354619460,0.0
1354619520,0.0
1354619640,0.0
1354619700,0.0
1354619760,0.0
1354619880,0.0
1354619940,0.0
1354620000,1.0
1354620060,1.0
1354620120,1.0
1354620180,1.0
1354620240,1.0
1354620480,1.0
1354620540,1.0
1354620600,1.0
1354620660,1.0
1354620720,1.0
1354620780,1.0
1354620840,1.0
1354620900,1.0
1354620960,1.0
1354621020,1.0
1354621080,1.0
1354622340,1.0
1354622580,1.0
1354623900,1.0
1354624200,1.0
1354624500,0.0
1354624740,0.0
1354624980,0.0
1354625460,0.0
1354626240,0.0
1354627020,0.0
1354627140,0.0
1354629180,0.0
1354629540,0.0
1354629600,0.0
1354633260,0.0
1354633320,0.0
1354633380,0.0
1354633440,0.0
1354633500,0.0
1354633560,0.0
1354633680,0.0
1354633920,0.0
1354633980,0.0
1354634040,0.0
1354634160,0.0
1354634400,0.0
1354635840,0.0
1354636860,0.0
1354637160,0.0
1354637460,0.0
1354637700,0.0
1354637760,0.0
1354637820,0.0
1354637880,0.0
1354637940,0.0
1354638120,0.0
1354639380,0.0
1354639560,0.0
1354639680,0.0
1354642740,0.0
1354642800,0.0
1354643340,0.0
1354643400,0.0
1354643640,0.0
1354643700,0.0
1354643760,0.0
1354643820,0.0
1354643880,0.0
1354643940,0.0
1354644120,0.0
1354644300,0.0
1354644420,0.0
1354645140,1.0
1354645320,0.0
1354645980,0.0
1354646820,0.0
1354647060,0.0
1354647720,0.0
1354648140,0.0
1354648320,0.0
1354648380,0.0
1354648440,0.0
1354648500,0.0
1354648560,0.0
1354648620,0.0
1354648740,0.0
1354648800,0.0
1354648860,0.0
1354649400,0.0
1354651560,0.0
1354651680,0.0
1354651800,0.0
1354651920,0.0
1354652100,0.0
1354652160,0.0
1354652340,0.0
1354652400,0.0
1354652460,0.0
1354652520,0.0
1354652580,0.0
1354652760,0.0
1354652820,0.0
1354652880,0.0
1354652940,1.0
1354653000,1.0
1354653060,1.0
1354653120,1.0
1354653180,1.0
1354653360,1.0
1354653540,1.0
1354653600,1.0
1354653660,1.0
1354653780,1.0
1354653840,1.0
1354654680,0.0
1354655040,0.0
1354655340,0.0
1354655640,0.0
1354655760,0.0
1354655820,0.0
1354655880,0.0
1354655940,0.0
1354656180,0.0
1354656240,0.0
1354656360,0.0
1354656420,0.0
1354656720,0.0
1354656780,0.0
1354657020,0.0
1354657080,0.0
1354657200,0.0
1354657260,0.0
1354657440,0.0
1354657620,0.0
1354657680,0.0
1354657740,0.0
1354658040,0.0
1354658100,0.0
1354658820,0.0
1354659300,0.0
1354659360,1.0
1354659420,1.0
1354659480,1.0
1354659600,1.0
1354660140,1.0
1354660200,1.0
1354660620,1.0
1354660680,1.0
1354660740,1.0
1354660800,1.0
1354660860,1.0
1354661640,0.0
1354661940,0.0
1354662240,0.0
1354662300,0.0
1354662360,0.0
1354662480,0.0
1354662780,0.0
1354662900,0.0
1354663080,0.0
1354663140,0.0
1354663380,0.0
1354663740,0.0
1354663800,0.0
1354664040,0.0
1354664340,0.0
1354664700,0.0
1354665900,0.0
1354666020,0.0
1354666200,0.0
1354666560,0.0
1354667040,0.0
1354667160,0.0
1354667220,0.0
1354667280,0.0
1354669140,0.0
1354669800,0.0
1354670460,0.0
1354671120,0.0
1354672140,0.0
1354672200,0.0
1354680780,0.0
1354680840,0.0
1354680900,0.0
1354681080,0.0
1354682160,0.0
1354682400,0.0
1354683480,0.0
1354683540,0.0
1354687440,0.0
1354688580,0.0
1354690980,0.0
1354695480,0.0
1354699680,0.0
1354699800,0.0
1354701060,0.0
1354701480,0.0
1354702620,0.0
1354702680,0.0
1354702800,0.0
1354702860,0.0
1354702920,0.0
1354703280,0.0
1354703340,0.0
1354703940,0.0
1354704360,0.0
1354704600,0.0
1354704900,0.0
1354705440,0.0
1354706640,0.0
1354706700,0.0
1354707180,0.0
1354707480,0.0
1354708800,0.0
1354709100,0.0
1354709220,0.0
1354709820,0.0
1354710000,0.0
1354710120,0.0
1354711260,0.0
1354711380,0.0
1354711440,0.0
1354711500,0.0
1354711620,0.0
1354711680,0.0
1354711740,0.0
1354711800,0.0
1354711860,0.0
1354711920,0.0
1354712040,0.0
1354712100,0.0
1354712340,0.0
1354712880,0.0
1354713720,0.0
1354713780,1.0
1354713840,1.0
1354713960,1.0
1354715520,1.0
1354715640,1.0
1354715700,0.0
1354716300,1.0
1354716360,1.0
1354716900,1.0
1354716960,0.0
1354719000,0.0
1354719060,0.0
1354719240,0.0
1354719840,0.0
1354720020,0.0
1354720440,0.0
1354722240,0.0
1354722360,1.0
1354722900,1.0
1354723380,0.0
1354723620,0.0
1354723980,0.0
1354724220,0.0
1354724880,0.0
1354725240,0.0
1354725840,0.0
1354725900,0.0
1354726080,0.0
1354727040,0.0
1354729320,0.0
1354729440,0.0
1354729500,0.0
1354730160,0.0
1354730700,0.0
1354730760,0.0
1354731360,0.0
1354731540,0.0
1354732020,0.0
1354732140,0.0
1354732920,0.0
1354733520,0.0
1354735740,0.0
1354735800,0.0
1354736100,0.0
1354736220,0.0
1354736340,0.0
1354736760,0.0
1354736820,0.0
1354736880,0.0
1354736940,0.0
1354737000,0.0
1354737060,0.0
1354738020,0.0
1354738080,0.0
1354738140,0.0
1354738200,0.0
1354738260,0.0
1354738320,0.0
1354738560,0.0
1354741620,0.0
1354741860,0.0
1354742520,0.0
1354742700,0.0
1354742940,0.0
1354743000,0.0
1354743060,0.0
1354743480,0.0
1354744140,0.0
1354745820,0.0
1354746000,0.0
1354746480,0.0
1354746660,0.0
1354747320,0.0
1354747740,0.0
1354748760,0.0
1354750860,0.0
1354751280,0.0
1354753380,0.0
1354754760,0.0
1354755600,0.0
1354755660,0.0
1354756800,0.0
1354761180,0.0
1354762980,0.0
1354765140,0.0
1354765200,0.0
1354769580,0.0
1354769640,0.0
1354777800,0.0
1354778460,0.0
1354778940,0.0
1354780560,0.0
1354782720,0.0
1354783080,0.0
1354783140,0.0
1354784460,0.0
1354784640,0.0
1354786020,0.0
1354786860,0.0
1354786920,0.0
1354786980,0.0
1354787040,0.0
1354787100,0.0
1354787160,0.0
1354787400,0.0
1354787520,0.0
1354787820,0.0
1354788960,0.0
1354789620,0.0
1354789740,0.0
1354789800,0.0
1354789860,0.0
1354789920,0.0
1354789980,0.0
1354790340,0.0
1354790400,0.0
1354790460,0.0
1354790520,0.0
1354790760,0.0
1354791120,0.0
1354791300,0.0
1354791420,0.0
1354791480,0.0
1354791540,0.0
1354791600,0.0
1354791780,0.0
1354792200,0.0
1354792260,1.0
1354792680,1.0
1354792740,1.0
1354792860,1.0
1354792920,1.0
1354792980,1.0
1354793100,1.0
1354793400,1.0
1354793520,1.0
1354793580,1.0
1354794000,1.0
1354794180,1.0
1354794480,1.0
1354794840,1.0
1354795140,1.0
1354795500,1.0
1354795800,1.0
1354796160,1.0
1354796460,1.0
1354796820,1.0
1354797120,1.0
1354797300,1.0
1354797480,1.0
1354797780,1.0
1354798080,1.0
1354798740,1.0
1354799100,1.0
1354799400,1.0
1354800060,1.0
1354800540,1.0
1354800600,1.0
1354800660,1.0
1354800720,1.0
1354800780,1.0
1354801380,1.0
1354802040,1.0
1354802280,1.0
1354802340,1.0
1354802400,1.0
1354802520,1.0
1354802580,1.0
1354802640,1.0
1354802820,0.0
1354802880,0.0
1354802940,0.0
1354803000,0.0
1354803060,0.0
1354803120,0.0
1354803180,0.0
1354803600,0.0
1354803720,1.0
1354804020,0.0
1354804080,0.0
1354804140,0.0
1354804260,0.0
1354804380,0.0
1354804440,0.0
1354804800,0.0
1354805460,0.0
1354805520,0.0
1354805580,0.0
1354805640,0.0
1354805700,0.0
1354805760,0.0
1354805820,0.0
1354805880,0.0
1354805940,0.0
1354806000,0.0
1354806060,0.0
1354806120,0.0
1354806180,0.0
1354806240,0.0
1354807980,0.0
1354808040,0.0
1354808160,0.0
1354808280,0.0
1354809780,0.0
1354810740,0.0
1354811400,0.0
1354811520,0.0
1354812540,0.0
1354813560,0.0
1354813800,0.0
1354814520,0.0
1354814940,0.0
1354816920,0.0
1354816980,0.0
1354817220,0.0
1354817280,0.0
1354817460,0.0
1354817640,0.0
1354818300,0.0
1354820820,0.0
1354821480,0.0
1354821540,0.0
1354822140,0.0
1354822200,0.0
1354823580,0.0
1354824000,0.0
1354824660,0.0
1354826820,0.0
1354827120,0.0
1354827180,0.0
1354827480,0.0
1354827540,0.0
1354827780,0.0
1354828740,0.0
1354828800,0.0
1354829400,0.0
1354829460,0.0
1354829940,0.0
1354830240,0.0
1354830300,0.0
1354830900,0.0
1354830960,1.0
1354831200,1.0
1354831440,0.0
1354832640,0.0
1354833240,0.0
1354833660,0.0
1354833780,0.0
1354834140,1.0
1354835040,1.0
1354835100,1.0
1354835280,1.0
1354835880,0.0
1354836480,0.0
1354836540,0.0
1354837440,0.0
1354837980,0.0
1354838100,0.0
1354838340,0.0
1354838580,0.0
1354839000,0.0
1354839060,0.0
1354839300,0.0
1354839660,0.0
1354840140,0.0
1354840200,0.0
1354840260,0.0
1354841700,0.0
1354841760,0.0
1354841940,0.0
1354842000,0.0
1354842300,0.0
1354843500,0.0
1354843740,0.0
1354844100,0.0
1354845660,0.0
1354845960,0.0
1354846200,0.0
1354847040,0.0
1354847100,0.0
1354847160,0.0
1354849320,0.0
1354850160,0.0
1354850700,0.0
1354851240,0.0
1354851660,0.0
1354851900,0.0
1354852980,0.0
1354853040,0.0
1354856100,0.0
1354856640,0.0
1354857000,0.0
1354858200,0.0
1354858860,0.0
1354859520,0.0
1354860180,0.0
1354860420,0.0
1354860720,0.0
1354861560,0.0
1354864620,0.0
1354872060,0.0
1354872420,0.0
1354872540,0.0
1354872600,0.0
1354872660,1.0
1354873260,1.0
1354873560,0.0
1354873740,1.0
1354873800,0.0
1354873920,0.0
1354874160,1.0
1354874580,1.0
1354875660,1.0
1354876140,1.0
1354876260,1.0
1354876680,1.0
1354876740,1.0
1354876860,1.0
1354877400,0.0
1354878720,0.0
1354878780,0.0
1354879380,0.0
1354879440,0.0
1354879500,0.0
1354879560,0.0
1354879620,0.0
1354879680,0.0
1354879740,0.0
1354879800,0.0
1354879860,0.0
1354879920,0.0
1354879980,0.0
1354880040,0.0
1354880100,1.0
1354880220,1.0
1354880520,1.0
1354880700,1.0
1354881660,0.0
1354881840,0.0
1354882260,0.0
1354882800,0.0
1354883940,0.0
1354884240,0.0
1354884600,1.0
1354884660,1.0
1354885440,1.0
1354885980,1.0
1354886040,0.0
1354887000,0.0
1354887360,0.0
1354887420,1.0
1354887480,1.0
1354887540,1.0
1354887660,1.0
1354887720,1.0
1354887840,1.0
1354887900,1.0
1354887960,1.0
1354888020,1.0
1354888080,1.0
1354888200,1.0
1354888260,1.0
1354888320,1.0
1354888380,1.0
1354888440,0.0
1354888500,0.0
1354888560,1.0
1354888620,1.0
1354888680,1.0
1354888800,1.0
1354888920,1.0
1354888980,1.0
1354889040,1.0
1354892160,0.0
1354892220,0.0
1354892280,0.0
1354892340,0.0
1354892400,0.0
1354892460,0.0
1354892520,0.0
1354892640,0.0
1354892820,0.0
1354892880,0.0
1354892940,0.0
1354893000,0.0
1354893060,0.0
1354893120,0.0
1354893180,0.0
1354893240,0.0
1354893840,0.0
1354894500,0.0
1354894560,0.0
1354894860,0.0
1354894920,0.0
1354895040,0.0
1354895100,0.0
1354895280,0.0
1354896600,0.0
1354897440,0.0
1354898520,1.0
1354898880,0.0
1354900140,0.0
1354900800,0.0
1354903200,0.0
1354904940,0.0
1354905060,0.0
1354905600,0.0
1354905720,1.0
1354905780,1.0
1354905840,1.0
1354905900,1.0
1354906140,1.0
1354908540,1.0
1354908960,1.0
1354909620,1.0
1354910280,1.0
1354910460,1.0
1354912260,1.0
1354912920,1.0
1354930920,0.0
1354930980,0.0
1354933620,0.0
1354956000,0.0
1354956480,1.0
1354957140,1.0
1354957800,1.0
1354958400,1.0
1354971420,0.0
1354973760,1.0
1354973940,1.0
1354974000,1.0
1354974300,1.0
1354974360,1.0
1354974480,1.0
1354974540,1.0
1354977000,0.0
1354978740,0.0
1354979820,0.0
1354980180,1.0
1354980300,1.0
1354980480,1.0
1354981440,1.0
1354982880,0.0
1354983300,1.0
1354987620,0.0
1354987800,0.0
1354988400,0.0
1354989660,0.0
1354991280,0.0
1354992480,0.0
1354992540,0.0
1354992600,0.0
1354992660,0.0
1354994280,0.0
1354994940,1.0
1354996500,1.0
1354998180,0.0
1355001300,0.0
1355002200,0.0
1355004960,0.0
1355005020,0.0
1355005080,0.0
1355005260,0.0
1355005320,0.0
1355006220,1.0
1355011200,0.0
1355015340,0.0
1355016000,0.0
1355020440,0.0
1355025000,0.0
1355031120,0.0
1355031360,0.0
1355031420,0.0
1355031480,0.0
1355032500,0.0
1355038620,0.0
1355040480,0.0
1355041080,0.0
1355041800,0.0
1355043120,0.0
1355043300,0.0
1355043660,0.0
1355043780,0.0
1355044680,0.0
1355044860,0.0
1355044920,0.0
1355045100,0.0
1355047020,1.0
1355047080,1.0
1355047140,1.0
1355049360,0.0
1355050740,0.0
1355050800,0.0
1355053320,0.0
1355053440,0.0
1355053560,0.0
1355054640,0.0
1355059020,0.0
1355059140,0.0
1355059380,0.0
1355059440,0.0
1355059500,0.0
1355059920,0.0
1355061060,0.0
1355063640,0.0
1355064120,0.0
1355066400,0.0
1355066460,0.0
1355069460,0.0
1355070840,0.0
1355071500,0.0
1355071560,0.0
1355071620,0.0
1355072640,0.0
1355072700,0.0
1355072820,0.0
1355074500,0.0
1355074620,0.0
1355080080,0.0
1355081400,0.0
1355081520,0.0
1355082300,0.0
1355083140,0.0
1355083680,0.0
1355084340,0.0
1355085000,0.0
1355085240,0.0
1355085360,0.0
1355085840,1.0
1355086320,1.0
1355086440,1.0
1355086560,1.0
1355087160,1.0
1355087580,0.0
1355089200,0.0
1355089320,1.0
1355089860,1.0
1355089920,1.0
1355090220,1.0
1355091180,1.0
1355091420,1.0
1355091960,1.0
1355092260,1.0
1355093520,1.0
1355094360,0.0
1355094420,0.0
1355095860,0.0
1355096580,1.0
1355097000,1.0
1355098320,1.0
1355098860,1.0
1355101140,0.0
1355101920,0.0
1355101980,0.0
1355104980,0.0
1355118420,0.0
1355125020,1.0
1355125200,1.0
1355125260,1.0
1355125320,1.0
1355125380,0.0
1355125500,0.0
1355125560,0.0
1355125620,0.0
1355125680,0.0
1355125740,0.0
1355125860,1.0
1355125920,1.0
1355126580,0.0
1355128200,0.0
1355129520,0.0
1355129700,0.0
1355129820,0.0
1355130780,0.0
1355130960,0.0
1355131020,0.0
1355132640,1.0
1355133120,0.0
1355133480,0.0
1355133900,0.0
1355134080,0.0
1355134920,0.0
1355135340,0.0
1355135400,0.0
1355135520,0.0
1355136600,0.0
1355137260,0.0
1355137320,0.0
1355137380,0.0
1355137560,0.0
1355138760,0.0
1355138820,0.0
1355138880,0.0
1355139240,0.0
1355140140,0.0
1355140800,1.0
1355141220,1.0
1355141460,1.0
1355142120,1.0
1355142360,1.0
1355142780,1.0
1355143440,1.0
1355143620,1.0
1355143680,1.0
1355143740,1.0
1355143800,1.0
1355143860,1.0
1355143920,1.0
1355144100,1.0
1355144280,1.0
1355144760,1.0
1355145060,1.0
1355145420,1.0
1355146080,1.0
1355146260,1.0
1355146500,1.0
1355146560,1.0
1355146680,1.0
1355146740,1.0
1355146800,1.0
1355146860,1.0
1355146920,1.0
1355147040,1.0
1355147100,1.0
1355147160,1.0
1355147400,1.0
1355147460,1.0
1355147820,0.0
1355147880,0.0
1355148120,0.0
1355148780,1.0
1355148840,1.0
1355149140,1.0
1355149440,1.0
1355150580,0.0
1355150640,0.0
1355150700,0.0
1355150760,0.0
1355151240,0.0
1355151360,0.0
1355151420,0.0
1355153460,1.0
1355154180,0.0
1355158200,1.0
1355158800,0.0
1355159700,0.0
1355159760,0.0
1355159820,0.0
1355159880,0.0
1355160000,0.0
1355160060,0.0
1355160240,1.0
1355160540,1.0
1355160900,1.0
1355161380,1.0
1355161440,1.0
1355161500,0.0
1355161860,0.0
1355164620,1.0
1355164920,0.0
1355166480,0.0
1355166720,1.0
1355166780,1.0
1355167020,1.0
1355167140,1.0
1355167200,1.0
1355167260,0.0
1355167380,1.0
1355167440,1.0
1355167500,0.0
1355167680,1.0
1355168640,0.0
1355169600,1.0
1355169720,1.0
1355170320,1.0
1355170740,1.0
1355171400,0.0
1355172060,0.0
1355172120,0.0
1355172180,0.0
1355172240,0.0
1355172300,0.0
1355172360,0.0
1355172420,0.0
1355172540,0.0
1355172720,0.0
1355172840,0.0
1355173260,0.0
1355174160,0.0
1355174760,0.0
1355177160,0.0
1355177400,0.0
1355179680,0.0
1355180220,0.0
1355180280,0.0
1355180580,0.0
1355180640,0.0
1355180700,0.0
1355181180,0.0
1355183100,0.0
1355183760,0.0
1355184960,0.0
1355190960,0.0
1355193480,0.0
1355193900,0.0
1355193960,0.0
1355194020,0.0
1355194140,0.0
1355194500,0.0
1355199720,1.0
1355205780,0.0
1355214840,0.0
1355214900,0.0
1355215620,0.0
1355217840,0.0
1355219160,0.0
1355219400,0.0
1355219640,0.0
1355219760,0.0
1355220840,0.0
1355221320,0.0
1355222280,0.0
1355222400,1.0
1355223060,1.0
1355223120,1.0
1355223180,1.0
1355223300,0.0
1355223360,0.0
1355223540,1.0
1355223600,1.0
1355223660,0.0
1355223780,0.0
1355223840,1.0
1355223900,0.0
1355223960,1.0
1355224020,1.0
1355224080,0.0
1355224140,1.0
1355224200,1.0
1355224260,1.0
1355224320,1.0
1355224380,1.0
1355224440,0.0
1355224500,0.0
1355224560,1.0
1355224620,1.0
1355225580,1.0
1355229420,1.0
1355230800,1.0
1355231640,0.0
1355232840,0.0
1355233500,0.0
1355233560,0.0
1355233620,0.0
1355235300,1.0
1355235360,1.0
1355235420,1.0
1355236020,1.0
1355237220,1.0
1355237340,0.0
1355237760,0.0
1355238420,0.0
1355238480,0.0
1355238540,0.0
1355238600,0.0
1355238660,0.0
1355238720,1.0
1355239080,0.0
1355239200,0.0
1355239800,0.0
1355239860,0.0
1355239920,0.0
1355239980,0.0
1355240040,0.0
1355240100,0.0
1355240160,0.0
1355240220,0.0
1355240280,0.0
1355240340,0.0
1355240400,0.0
1355240460,0.0
1355240520,0.0
1355241000,1.0
1355241480,1.0
1355241660,1.0
1355242140,1.0
1355242320,1.0
1355242860,1.0
1355242980,1.0
1355243940,1.0
1355244540,1.0
1355245200,1.0
1355245800,1.0
1355246520,1.0
1355247480,1.0
1355249520,0.0
1355250840,1.0
1355251140,1.0
1355252580,1.0
1355252760,1.0
1355252820,1.0
1355253120,1.0
1355253180,1.0
1355253240,1.0
1355253300,1.0
1355253420,0.0
1355253540,0.0
1355254020,1.0
1355254380,1.0
1355254680,1.0
1355254800,1.0
1355255340,0.0
1355255400,0.0
1355255460,0.0
1355256900,1.0
1355257560,1.0
1355257980,1.0
1355258640,1.0
1355258760,0.0
1355258820,0.0
1355259480,1.0
1355260860,1.0
1355260980,1.0
1355261520,1.0
1355263320,0.0
1355263380,0.0
1355263440,0.0
1355263500,0.0
1355263740,0.0
1355263860,0.0
1355263980,0.0
1355264040,0.0
1355265660,1.0
1355265720,1.0
1355266200,0.0
1355266380,0.0
1355266440,0.0
1355270520,0.0
1355270580,1.0
1355270640,0.0
1355271120,0.0
1355271180,0.0
1355271660,1.0
1355272080,1.0
1355272140,0.0
1355272320,1.0
1355273220,1.0
1355273520,1.0
1355275140,1.0
1355275200,1.0
1355275260,1.0
1355275680,0.0
1355276820,1.0
1355277600,1.0
1355278260,1.0
1355279400,1.0
1355283600,1.0
1355283660,1.0
1355286240,1.0
1355286300,1.0
1355286360,1.0
1355286480,1.0
1355286540,1.0
1355287620,1.0
1355287800,1.0
1355292300,1.0
1355292420,1.0
1355292480,1.0
1355292780,1.0
1355294760,1.0
1355300400,0.0
1355303640,0.0
1355305500,0.0
1355305920,0.0
1355305980,0.0
1355306220,0.0
1355306400,0.0
1355306520,0.0
1355306760,0.0
1355306820,0.0
1355306880,0.0
1355306940,0.0
1355307000,0.0
1355307120,0.0
1355307300,0.0
1355307420,0.0
1355307540,1.0
1355307600,1.0
1355307720,1.0
1355307900,1.0
1355307960,1.0
1355308020,1.0
1355308320,1.0
1355308380,1.0
1355308680,1.0
1355308740,1.0
1355308800,1.0
1355308860,1.0
1355308980,1.0
1355309040,1.0
1355309100,1.0
1355309280,1.0
1355309760,1.0
1355309880,1.0
1355310840,1.0
1355310900,1.0
1355310960,1.0
1355311860,1.0
1355311920,1.0
1355312100,1.0
1355312160,1.0
1355312220,1.0
1355312340,1.0
1355312400,0.0
1355312460,0.0
1355312520,0.0
1355312640,0.0
1355312700,1.0
1355312760,1.0
1355312820,1.0
1355313060,1.0
1355313120,1.0
1355313180,1.0
1355313420,0.0
1355313720,0.0
1355314080,0.0
1355314140,0.0
1355314200,0.0
1355314260,0.0
1355314320,0.0
1355315400,1.0
1355315580,0.0
1355315760,0.0
